Œniadanie;Jajko sadzone w papryce;Paprykê kroimy w kr¹¿ki. Na klarowanym maœle podduszamy paprykê z jednej strony. Przewracamy kr¹¿ek nadrug¹ stronê, wbijamy jajka, skrêcamy ogieñ do minimum, przykrywamy pokrywk¹. ¯ó³tko jaja ma byæ p³ynne, a bia³ko œciête. Gotowe jajka posypujemy szczypiorkiem.;Papryka czerwona;75
Œniadanie;;;Jaja kurze ca³e;150
Œniadanie;;;Szczypiorek;16
Œniadanie;;;Mas³o klarowane;10
Œniadanie;;;Chleb ¿ytni razowy;31
Œniadanie;;;Pesto;10
Œniadanie;;;Mas³o klarowane;
Drugie œniadanie;Sa³atka z fasolk¹, makaronem i serem feta;;Fasola szparagowa;100
Drugie œniadanie;;;S³onecznik, nasiona;20
Drugie œniadanie;;;Makaron penne pe³noziarnisty;40
Drugie œniadanie;;;Oliwa z oliwek;2
Drugie œniadanie;;;"Ser typu ""Feta""";42
Obiad;Kasza gryczana z warzywami i pestkami dyni;Na oliwie podsma¿amy pokrojon¹ w kostkê paprykê. Broku³y gotujemy al dente. Ugotowan¹ kaszê gryczan¹ mieszamy z warzywami i pestkami dyni. Posypujemy dowoln¹ zielenin¹. Natk¹ pietruszki, kolendr¹, bazyli¹.;Kasza gryczana;70
Obiad;;;Broku³y;104
Obiad;;;Olej rzepakowy uniwersalny;16
Obiad;;;Papryka czerwona;75
Obiad;;;Dynia, pestki;20
Podwieczorek;Sa³atka z wyfiletowanego grejpfruta;;Grejpfrut;300
Podwieczorek;;;Otrêby - dowolne;6
Podwieczorek;;;S³onecznik, nasiona;15
Kolacja;Sa³atka z filetem z indyka;Miêso oprószamy sol¹ i pieprzem cytrynowym. Obsma¿amy na klarowanym maœle po 3 minuty z ka¿dej strony. Lekko podlewamy wod¹, przykrywamy pokrywk¹, dusimy na minimalnym ogniu przez 10 minut. Podajemy z sa³atk¹.;Miêso z piersi indyka, bez skóry;80
Kolacja;;;Mas³o klarowane;10
Kolacja;;;Sa³aty - dowolne;75
Kolacja;;;Pomidorki koktajlowe;100
Kolacja;;;Dynia, pestki;10
Kolacja;;;Sos winegret;10
Kolacja;;;Pieprz cytrynowy;
Œniadanie;Koktaj z bananem i mro¿onymi owocami;Wszystkie sk³adniki (oprócz owoców) zalewamy ciep³ym mlekiem. Odstawiamy na 10 minut. Blendujemy z owocami.;Otrêby - dowolne;6
Œniadanie;;;Mleko roœlinne dowolne;300
Œniadanie;;;Czerwone owoce (dowolne);70
Œniadanie;;;P³atki owsiane;40
Œniadanie;;;Banan;115
Drugie œniadanie;Sa³atka owocowa z jab³kiem i pomarañcz¹;Jab³ko kroimy w drobn¹ kostkê. Pomarañczê filetujemy z bia³ych b³on. Kroimy w ma³e kawa³ki.;Jab³ko;200
Drugie œniadanie;;;Otrêby - dowolne;6
Drugie œniadanie;;;Pomarañcza;250
Drugie œniadanie;;;Migda³y;25
Obiad;Makaron z sosem pomidorowym;Cebulê kroimy w kosteczkê, rumienimy na klarowanym maœle. Dodajemy pomidory, sma¿ymy a¿ o po³owê zderukuje siê iloœæ wody. Doprawiamy do smaku sol¹, s³odk¹ papryk¹, szczypt¹ ksylitolu i pieprzu. Mieszamy z poszarpanymi listkami bazylii. Mieszamy z ugotowanym ale dente makaronem. Posypujemy migda³ami.;Pomidory w puszce krojone;400
Obiad;;;Bazylia;10
Obiad;;;Mas³o klarowane;10
Obiad;;;Cebula;70
Obiad;;;Makaron penne pe³noziarnisty;70
Obiad;;;Migda³y;20
Obiad;;;Ksylitol;
Podwieczorek;Kanapka z szynk¹ i serkiem arla;;Chleb ¿ytni razowy;62
Podwieczorek;;;Sa³ata;5
Podwieczorek;;;Serek typu ARLA;24
Podwieczorek;;;Polêdwica tzw. ³ososiowa;30
Kolacja;Sa³atka z pamidorami i oliwkami;;Sa³aty - dowolne;75
Kolacja;;;Pomidorki koktajlowe;100
Kolacja;;;Sos winegret;10
Kolacja;;;Oliwki marynowane, konserwowe;25
Kolacja;;;Dynia, pestki;20
Œniadanie;Kanapka z serem ¿ó³tym, sa³at¹ i pomidorem;;Chleb ¿ytni razowy;124
Œniadanie;;;Sa³ata;15
Œniadanie;;;Ser ¿ó³ty;60
Œniadanie;;;Pomidor;192
Drugie œniadanie;Sa³atka owocowa z jab³kiem i pomarañcz¹;Pomarañczê filetujemy (usuwamy bia³e b³ony). Kroimy w kawa³ki. Mieszamy z pokrojonym w kosteczkê jab³kiem i dodatkami.;Pomarañcza;300
Drugie œniadanie;;;Jab³ko;100
Drugie œniadanie;;;Otrêby - dowolne;6
Drugie œniadanie;;;Orzechy dowolne;30
Obiad;Dorsz pieczony z marchewk¹, szpinakiem i porem;Na dnie naczynia ¿aroodpornego uk³adamy szpinak. K³adziemy dorsza oprószonego sol¹ i pieprzem cytrynowym. Na klarowanym maœle szklimy pokrojon¹ w pó³talarki bia³¹ czêœæ pora. Wylewamy na rybê. Przykrywamy pokrywê naczynia¿a roodpornego. Zapiekamy w piekarniku nagrzanym do 200 stopni przez 15 minut. Podajemy z marchewk¹ gotowan¹ na parze!!  Skropion¹ oliw¹.;Marchew;105
Obiad;;;Dorsz, œwie¿y, filety bez skóry;200
Obiad;;;Szpinak;15
Obiad;;;Por;30
Obiad;;;Mas³o klarowane;15
Obiad;;;Oliwa z oliwek;2
Podwieczorek;Sa³atka z kasz¹, rzodkiewk¹ i ogórkiem;Sa³atka (kasza ugotowana). Warzywa pokrojone w kosteczkê.;Kasza gryczana;54
Podwieczorek;;;S³onecznik, nasiona;15
Podwieczorek;;;Rzodkiewka;60
Podwieczorek;;;Ogórek;222
Podwieczorek;;;Oliwa z oliwek;8
Kolacja;Zupa krem z zielonego groszku;Na klarowanym maœle podduszamy warzywa. Zalewamy bulionem, gotujemy do miêkkoœci. Blendujemy na krem.;Groszek zielony;100
Kolacja;;;Wywar z warzyw;400
Kolacja;;;Seler korzeniowy;62
Kolacja;;;Pietruszka - korzeñ;27
Kolacja;;;Mas³o klarowane;10
Œniadanie;Koktajl na ciep³o z jab³kiem;P³atki i nasiona chia zalewamy ciep³ym mlekiem. Odstawiamy na 10 minut. Jab³ko œcieramy na grubej tarce. Mieszamy z cynamonem, rozgnienionymi orzechami i mlekiem z p³atkami.;Mleko roœlinne dowolne;300
Œniadanie;;;Jab³ko;150
Œniadanie;;;P³atki owsiane;40
Œniadanie;;;Chia nasiona;10
Œniadanie;;;Orzechy dowolne;16
Œniadanie;;;Cynamon;
Drugie œniadanie;Sa³atka z kasz¹, cukini¹ i oliwkami;;Oliwa z oliwek;8
Drugie œniadanie;;;Cukinia;50
Drugie œniadanie;;;Oliwki marynowane, konserwowe;25
Drugie œniadanie;;;Mas³o klarowane;10
Drugie œniadanie;;;S³onecznik, nasiona;15
Drugie œniadanie;;;Kasza gryczana;40
Obiad;Wegetariañska faszerowana papryka;Ry¿ szklimy na oleju. Zalewamy wod¹. Gotujemy do miêkkoœci. Start¹ na tarce marchew mieszamy z curry i imbirem. Dodajemy do ry¿u razem z posiekan¹ natk¹ pietruszki. Papryki podpiekamy przez 15 minut w temperaturze 200 stopni. Wyjmujemy, wype³niamy farszem i ponownie zapiekamy przez 15 minut.;Papryka czerwona;200
Obiad;;;Ry¿ basmati;70
Obiad;;;Olej rzepakowy uniwersalny;8
Obiad;;;Marchew;105
Obiad;;;Pietruszka - liœcie;4
Obiad;;;Curry;
Obiad;;;Imbir;
Podwieczorek;Jab³ko z migda³ami;;Jab³ko;263
Podwieczorek;;;Migda³y;40
Kolacja;Sa³atka z ogórekiem, sa³at¹ i rzodkiewk¹;;Sa³aty - dowolne;75
Kolacja;;;Ogórek;222
Kolacja;;;Rzodkiewka;45
Kolacja;;;Dynia, pestki;10
Kolacja;;;Sos winegret;10
Œniadanie;Twaro¿ek z rzodkiewk¹ i szczypiorkiem;Trwaro¿ek mieszamy z rzodkiewk¹, szczypiorkiem i jogurtem.;Ser twarogowy chudy;100
Œniadanie;;;Jogurt naturalny, 2% t³uszczu;46
Œniadanie;;;Szczypiorek;8
Œniadanie;;;Rzodkiewka;45
Œniadanie;;;Chleb ¿ytni razowy;93
Drugie œniadanie;Sa³atka owocowa z grejpfrutem i gruszk¹;;Grejpfrut;300
Drugie œniadanie;;;S³onecznik, nasiona;15
Drugie œniadanie;;;Otrêby - dowolne;6
Drugie œniadanie;;;Gruszka;156
Obiad;£osoœ pieczony z broku³em i marchwi¹;Rybê opruszamy sol¹ i pieprzem cytrynowym. Pieczemy 25 minut w 200 stopniach. Warzywa gotowane na parze, skropione oliw¹. Posypane rozgniecionymi pestkami dyni.;£osoœ, œwie¿y;250
Obiad;;;Broku³y;150
Obiad;;;Marchew;105
Obiad;;;Oliwa z oliwek;2
Obiad;;;Dynia, pestki;10
Podwieczorek;Kanapka z past¹ roœlinn¹;;Chleb ¿ytni razowy;62
Podwieczorek;;;Hummus;20
Podwieczorek;;;Sa³ata;5
Podwieczorek;;;Ogórek;111
Podwieczorek;;;Sok warzywno - owocowy (50/50);250
Kolacja;Zupa warzywna z selerem, porem, pietruszk¹, ziemniakami i broku³ami;Na maœle podduszmay bia³¹ czêœæ pora. Dodajemy pozosta³e warzywa. Zalewamy 300 ml wody. Gotujemy do miêkkoœci z dodatkiem listka laurowego, soli, pieprzu i ziela angielskiego. Wymujemy listek i ziele. Blendujemy zupê. Na wierzch dodajemy oliwê. Jeœli zupa jest zbyt ³agodna, dopraw mocniej np. curry lub imbirem.;Mas³o klarowane;10
Kolacja;;;Seler naciowy;30
Kolacja;;;Por;30
Kolacja;;;Pietruszka - korzeñ;27
Kolacja;;;Ziemniak;31
Kolacja;;;Oliwa z oliwek;8
Kolacja;;;Broku³y;156
Kolacja;;;Liœæ laurowy;
Kolacja;;;Ziele angielskie;
Œniadanie;Koktajl na ciep³o z bananem i czerwonymi owocami;Wszystkie sk³adniki zalewamy ciep³ym mlekiem. Odstawiamy na 5 minut. Blendujemy na koktajl.;Mleko roœlinne dowolne;300
Œniadanie;;;Banan;115
Œniadanie;;;P³atki owsiane;30
Œniadanie;;;Chia nasiona;10
Œniadanie;;;Otrêby - dowolne;6
Œniadanie;;;Czerwone owoce (dowolne);70
Drugie œniadanie;Sa³atka owocowa z gruszk¹ i kiwi;;Gruszka;156
Drugie œniadanie;;;Kiwi;162
Drugie œniadanie;;;Otrêby - dowolne;6
Drugie œniadanie;;;Orzechy dowolne;40
Obiad;Naleœnkowe rollsy z szynk¹, sa³at¹ i pomidorem;;Naleœniki suchy;160
Obiad;;;Pesto;40
Obiad;;;Sa³ata;20
Obiad;;;Pomidor;384
Obiad;;;Szynka z indyka;60
Podwieczorek;Kanapka z past¹ roœlinn¹, sa³at¹ i ogórkiem;;Chleb ¿ytni razowy;62
Podwieczorek;;;Hummus;20
Podwieczorek;;;Sa³ata;5
Podwieczorek;;;Ogórek;111
Kolacja;Sa³atka z serem feta, rzodkiewk¹ i sa³at¹;;Sa³ata - mix sa³at;75
Kolacja;;;Sos winegret;20
Kolacja;;;"Ser typu ""Feta""";40
Kolacja;;;Rzodkiewka;60
Kolacja;;;Ogórek;222
Œniadanie;Naleœnkowe rollsy z awokado i szynk¹;;Naleœniki suchy;160
Œniadanie;;;Awokado;141
Œniadanie;;;Migda³y;20
Œniadanie;;;Polêdwica tzw. ³ososiowa;120
Œniadanie;;;Czosnek;
Œniadanie;;;Kolendra;
Drugie œniadanie;Grejpfrut;;Grejpfrut;300
Obiad;Pieczone udko z mizeri¹;Pieczone udko. Mizeria. Ziemniaki pokrojone w talarki. Ugotowane na parze.;Miêso z ud kurczaka, bez skóry;200
Obiad;;;Ogórek;333
Obiad;;;Œmietana jogurtowa 10 %;10
Obiad;;;Ziemniak;180
Podwieczorek;Sa³atka z kasz¹, cukini¹ i rzodkiewk¹;Pokrojon¹ w kosteczkê cukiniê podduszamy na klarowanym maœle. Ma byæ al dente. Mieszamy z ugotowan¹ kasz¹. Pokrojon¹ w kosteczkê rzodkiewk¹, ziarnami i sosem.;Kasza gryczana;40
Podwieczorek;;;Rzodkiewka;45
Podwieczorek;;;S³onecznik, nasiona;15
Podwieczorek;;;Cukinia;100
Podwieczorek;;;Mas³o klarowane;10
Podwieczorek;;;Sos winegret;10
Kolacja;Omlet ze szpinakiem i porem;Na klarowamy maœle szklimy bia³¹ czêœæ pora pokrojon¹ w pó³talarki. Dodajemy poszarpany szpinak wymieszany z roztrzepanymi jajkami. Doprawiamy œwie¿o zmielonym pieprzem. Wylewamy na patelniê.;Jaja kurze ca³e;100
Kolacja;;;Mas³o klarowane;10
Kolacja;;;Szpinak;10
Kolacja;;;Por;20
Œniadanie;Kanapka z pesto, szynk¹ i ogórkiem;;Chleb ¿ytni razowy;124
Œniadanie;;;Pesto;40
Œniadanie;;;Szynka z indyka;90
Œniadanie;;;Ogórek;111
Drugie œniadanie;Sa³atka owocowa z jab³kiem i kiwi;;Jab³ko;188
Drugie œniadanie;;;Otrêby - dowolne;6
Drugie œniadanie;;;Orzechy dowolne;30
Drugie œniadanie;;;Kiwi;162
Obiad;Filet z kurczaka zapiekany z cukini¹, szpinakiem i serem feta;Paprykê kroimy w paseczki, cukiniê w pó³talarki. Szklimy na klarowanym maœle razem z pokrojonym w kosteczkê miêsem. Zalewamy mlekiem kokosowym wymieszanym z curry i pieprzem cytrynowym. Na dnie naczynia do zapiekania uk³adamy szpinak,na nim warzywa z mlekiem kokosowym. Ca³oœæ posypujemy fet¹. Pieczemy 15 minut w 200 stopniach.;Cukinia;225
Obiad;;;Papryka ¿ó³ta;150
Obiad;;;Szpinak;20
Obiad;;;Mas³o klarowane;15
Obiad;;;Mleko kokosowe;100
Obiad;;;"Ser typu ""Feta""";40
Obiad;;;Miêso z piersi kurczaka;100
Obiad;;;Curry;
Obiad;;;Pieprz cytrynowy;
Podwieczorek;Sa³atka z kasz¹, fasolk¹ i rzodkiewk¹;;Kasza gryczana;36
Podwieczorek;;;Fasola szparagowa;50
Podwieczorek;;;Rzodkiewka;60
Podwieczorek;;;Oliwa z oliwek;8
Podwieczorek;;;Pietruszka - liœcie;4
Kolacja;Zupa krem z selera i pietruszki;Warzywa zalewamy bulionem warzywnym. Gotujemy do miêkkoœci, blendujemy, solimy (w zale¿noœciod tego jak doprawiony jest bulion). Zupê ju¿ na talerzu mieszamy z oliw¹. Polecam doprawiæ bia³ym pieprzem i curry.;Seler korzeniowy;150
Kolacja;;;Pietruszka - korzeñ;50
Kolacja;;;Wywar z warzyw;250
Kolacja;;;Oliwa z oliwek;8
Œniadanie;Placuszki bananowe owsiane;Banana miksujemy z jajkiem. Mieszamy z m¹k¹ owsian¹. Odstawiamy na 2-3 minuty. Sma¿ymy na klarowanym maœle lub oleju.;Banan;115
Œniadanie;;;Jaja kurze ca³e;50
Œniadanie;;;Mas³o klarowane;20
Œniadanie;;;M¹ka owsiana;6
Œniadanie;;;M¹ka owsiana;24
Drugie œniadanie;Sa³atka z ogórkiem, rzodkiewk¹, serem feta i makaronem;;Ogórek;222
Drugie œniadanie;;;Rzodkiewka;60
Drugie œniadanie;;;S³onecznik, nasiona;30
Drugie œniadanie;;;"Ser typu ""Feta""";40
Drugie œniadanie;;;Oliwa z oliwek;2
Drugie œniadanie;;;Makaron penne pe³noziarnisty;35
Obiad;Mintaj pieczony w sosie pomidorowym;Na klarowanym maœle szklimy starte na tarce warzywa. Zalewamy pomidorami. Dodajemy curry, s³odk¹ paprykê,sól i koperek. Redukujemy p³yn do po³owy. Rybê oprószamy sol¹ i curry. Zalewamy sosem. Zapiekamy 15 minut w 200 stopniach.;Mintaj, œwie¿y;250
Obiad;;;Pietruszka - korzeñ;27
Obiad;;;Marchew;105
Obiad;;;Mas³o klarowane;15
Obiad;;;Pomidory w puszce krojone;200
Obiad;;;Ry¿ basmati;50
Obiad;;;Koperek;
Podwieczorek;Pomelo z sezamem;;Pomelo;300
Podwieczorek;;;Sezam, nasiona;13
Kolacja;Cukinia zapiekana z papryk¹ i cebul¹;Cukiniê przekrawamy na pó³. Wk³adamy do piekarnika nagrzanego do 200 stopni na 15 minut. Po tym czasie przy pomocy ³y¿eczki wydr¹¿amy œrodek. Na klarowanym maœle podduszamy pokrojon¹ w kosteczkê cebulê. Do zrumienionej dodajemy pokrojon¹ w kosteczkê paprykê i sma¿ymy a¿ po³owa wody z papryki odparuje. Sk³adniki z patelni mieszamy z posiekanym drobno wydr¹¿onym œrodkiem z cukinii dodaj¹c pieprz i curry. Powsta³ym farszem wype³niamy cukinie i ponownie wstawiamy do piekarnika na 20minut.;Cukinia;287
Kolacja;;;Papryka ¿ó³ta;150
Kolacja;;;Cebula;70
Kolacja;;;Mas³o klarowane;10
Œniadanie;Jajecznica ze szczypiorkiem;Jajecznica ze szczypiorkiem. Polêdwicê jemy osobno.;Jaja kurze ca³e;200
Œniadanie;;;Mas³o klarowane;10
Œniadanie;;;Szczypiorek;8
Œniadanie;;;Polêdwica tzw. ³ososiowa;60
Œniadanie;;;Chleb ¿ytni razowy;31
Drugie œniadanie;Sa³atka z pomelo, kiwi i nasionami chia;;Pomelo;300
Drugie œniadanie;;;Otrêby - dowolne;2
Drugie œniadanie;;;Kiwi;162
Drugie œniadanie;;;Chia nasiona;10
Obiad;Kurczak marynowany w pesto;Miêso nacieramy sol¹ i pesto, zawijamy w pergamin, sma¿ymy na suchej patelni po 2 minuty z ka¿dej strony. Ry¿ gotujemy do miêkkoœci. Na rozgrzany olej wrzucamy curry, po chwili dodajemy ry¿ i dowoln¹ zieleninê.;Ry¿ basmati;50
Obiad;;;Olej rzepakowy uniwersalny;8
Obiad;;;Fasola szparagowa;50
Obiad;;;Miêso z piersi kurczaka;150
Obiad;;;Pesto;20
Podwieczorek;Jogurt z granol¹;;Jogurt naturalny, 2% t³uszczu;250
Podwieczorek;;;Granola;50
Kolacja;Warzywa na patelni;Warzywa tzw. na patelniê (polecam Frosta warzywa w kolorze zielonym, ¿ó³tym i czerownym do wyboru -bez ziemniaków). Rozmra¿amy warzywa, podsma¿amy na oleju. Mo¿na u¿yæ dowolnych œwie¿ych warzyw zachowuj¹c gramaturê.;Mieszanka warzywna mro¿ona;300
Kolacja;;;Olej rzepakowy uniwersalny;8
Kolacja;;;Dynia, pestki;10
Œniadanie;Koktjl œniadaniowy z bananem i p³atkami owsianymi;;P³atki owsiane;20
Œniadanie;;;Mleko roœlinne dowolne;250
Œniadanie;;;Chia nasiona;10
Œniadanie;;;Banan;115
Œniadanie;;;Otrêby - dowolne;6
Œniadanie;;;Sezam, nasiona;5
Drugie œniadanie;Sa³atka z makaronem, broku³ami, papryk¹ i fasolk¹ szparagow¹;Broku³y ugotowane. Papryka pokrojona w kosteczkê, podduszona na klarowanym maœle.;Broku³y;104
Drugie œniadanie;;;Papryka czerwona;75
Drugie œniadanie;;;Mas³o klarowane;10
Drugie œniadanie;;;Fasola szparagowa;50
Drugie œniadanie;;;S³onecznik, nasiona;15
Drugie œniadanie;;;Oliwa z oliwek;8
Drugie œniadanie;;;Makaron penne pe³noziarnisty;35
Obiad;Makaron w sosie pomidorowym z serem feta;Na oliwie podsma¿amy pomidorki, a¿ odparuje woda. Dodajemy bazyliê, mieszamy z makaronem i fet¹.;Bazylia;4
Obiad;;;Oliwa z oliwek;8
Obiad;;;Makaron penne pe³noziarnisty;70
Obiad;;;"Ser typu ""Feta""";50
Obiad;;;Pomidory w puszce krojone;200
Obiad;;;Migda³y;10
Podwieczorek;Kanapka z pesto i wêdlin¹;;Chleb ¿ytni razowy;62
Podwieczorek;;;Pesto;20
Podwieczorek;;;Polêdwica tzw. ³ososiowa;30
Kolacja;Sa³atka z cieciork¹, rzodkiewk¹, ogórkiem i sa³at¹;;Sa³aty - dowolne;75
Kolacja;;;Rzodkiewka;60
Kolacja;;;Ogórek;222
Kolacja;;;Sos winegret;20
Kolacja;;;Szczypiorek;8
Kolacja;;;Cieciorka gotowana na parze Bonduelle;50
Œniadanie;Omlet z wêdzonym ³ososiem, sezamem i szczypiorkiem;;Jaja kurze ca³e;100
Œniadanie;;;Mas³o klarowane;10
Œniadanie;;;£osoœ, wêdzony;50
Œniadanie;;;Szczypiorek;8
Œniadanie;;;Pomidor;192
Œniadanie;;;Sezam, nasiona;13
Drugie œniadanie;Kanapka z ogórkiem, wêdlin¹ + sok warzywny;;Chleb ¿ytni razowy;62
Drugie œniadanie;;;Polêdwica tzw. ³ososiowa;45
Drugie œniadanie;;;Ogórek;111
Drugie œniadanie;;;Sok warzywny;250
Obiad;Pieczone warzywa, cukinia, marchew, bataty;Marchew i pietruszkê œcieramy na tarce. Cukiniê kroimy w po³taraki. Warzywa podduszamy lekko na klarowanym maœle. Doprawiamy curry i s³odk¹ papryk¹. Na dnie naczynia ¿aroodpornego uk³adamy pokrojone w talarki bataty. Przykrywamy warzywami. Pieczemy 30 munut w 200 stopniach.;Cukinia;225
Obiad;;;Marchew;170
Obiad;;;Mas³o klarowane;25
Obiad;;;Bataty;400
Obiad;;;Pietruszka - korzeñ;27
Podwieczorek;Grejpfrut z sezamem;;Grejpfrut;300
Podwieczorek;;;Sezam, nasiona;5
Kolacja;Sa³atka z papryk¹, cieciork¹ i sa³at¹;;Sa³ata - mix sa³at;75
Kolacja;;;Sos winegret;20
Kolacja;;;Papryka czerwona;244
Kolacja;;;Cieciorka gotowana na parze Bonduelle;60
Kolacja;;;Dynia, pestki;15
Œniadanie;Kanapka z ³ososiem, sa³at¹ i pomidorem;;£osoœ, wêdzony;50
Œniadanie;;;Chleb ¿ytni razowy;124
Œniadanie;;;Sa³ata;10
Œniadanie;;;Pomidor;192
Œniadanie;;;Pesto;40
Drugie œniadanie;Koktajl z czerwonymi owocami i bananem;;Mleko roœlinne dowolne;300
Drugie œniadanie;;;Czerwone owoce (dowolne);70
Drugie œniadanie;;;Otrêby - dowolne;6
Drugie œniadanie;;;Banan;58
Obiad;Indyk w jarzynach;Indyka solimy i oprószamy curry. Obtaczamy w m¹ce kukurydzianej, sma¿ymy na klarowanym maœle. Usma¿one miêso zakrywamy startymi na grubej tarce warzywami i podlewamy bulionem wrzywnym. Dusimy 30 minut. Wyjmujemy miêso, wrzywa z bulionem blebdujemy na sos. Dodajemy koperek.;Miêso z piersi indyka, bez skóry;200
Obiad;;;Marchew;50
Obiad;;;Pietruszka - korzeñ;50
Obiad;;;Mas³o klarowane;25
Obiad;;;M¹ka kukurydziana;10
Obiad;;;Wywar z warzyw;150
Obiad;;;Kasza gryczana;50
Obiad;;;Broku³y;100
Podwieczorek;Koktajl z czerwonymi owocami i bananem;;Mleko roœlinne dowolne;300
Podwieczorek;;;Czerwone owoce (dowolne);70
Podwieczorek;;;Otrêby - dowolne;6
Podwieczorek;;;Banan;58
Kolacja;Cukinia faszerowana marchewk¹, fet¹ i pomidorami;Cukiniê przekrawamy na pó³. Wk³adamy do piekarnika nagrzanego do 200stopni na 15 minut. Z cukinii wydr¹¿amy œrodek. Kroimy w kosteczkê, mieszamy ze start¹ na drobniutkiej tarce marchewk¹, pokruszon¹ fet¹ i pokrojonymi drobniutko suszonymi pomidorami. Nape³niamy farszem ³ódeczki. Wk³adamy do piekarnika na 15minut.;Cukinia;287
Kolacja;;;Marchew;105
Kolacja;;;"Ser typu ""Feta""";21
Kolacja;;;Suszone pomidory;40
Œniadanie;Koktajl szarlotkowy;;P³atki owsiane;40
Œniadanie;;;Jab³ko;100
Œniadanie;;;Banan;115
Œniadanie;;;Mleko roœlinne dowolne;300
Drugie œniadanie;Grejpfrut z orzechami;;Grejpfrut;300
Drugie œniadanie;;;Orzechy dowolne;30
Obiad;Indyk w jarzynach;Indyka solimy i oprószamy curry. Obtaczamy w m¹ce kukurydzianej, sma¿ymy na klarowanym maœle. Usma¿one miêso zakrywamy startymi na grubej tarce warzywami i podlewamy bulionem wrzywnym. Dusimy 30 minut. Wyjmujemy miêso, wrzywa z bulionem blebdujemy na sos. Dodajemy koperek.;Miêso z piersi indyka, bez skóry;200
Obiad;;;Marchew;50
Obiad;;;Pietruszka - korzeñ;50
Obiad;;;Mas³o klarowane;25
Obiad;;;M¹ka kukurydziana;10
Obiad;;;Wywar z warzyw;150
Obiad;;;Ry¿ basmati;50
Podwieczorek;Jogurt z d¿emem i nasionami chia;Odstawiamy na 10 minut aby nasionka napêcznia³y. Na dnie kubka k³adziemy konfiturê z jagód (mo¿na u¿yæ innej).  Zalewamy jogurtem.;Jogurt naturalny, 2% t³uszczu;250
Podwieczorek;;;Chia nasiona;20
Podwieczorek;;;D¿em jagodowy, niskos³odzony;30
Kolacja;Sa³atka z pomidorami koktajlowymi, papryk¹ i sa³at¹;;Sa³ata - mix sa³at;75
Kolacja;;;Pomidorki koktajlowe;30
Kolacja;;;Sos winegret;10
Kolacja;;;Papryka ¿ó³ta;75
Kolacja;;;Dynia, pestki;10
Œniadanie;Twaro¿ek ze szczypiorkiem i papryk¹;Twaro¿ek ucieramy z jogurtem. Dodajemy drobniutko posiekan¹ paprykê i szczypiorek. Doprawiamy do smaku sol¹ i pieprzem.;Ser twarogowy chudy;100
Œniadanie;;;Papryka czerwona;75
Œniadanie;;;Szczypiorek;8
Œniadanie;;;Chleb ¿ytni razowy;124
Drugie œniadanie;Pudding owocowy z chia;Jab³ko kroimy w kosteczkê. Wk³adamy do garnka, delikatnie podlewamy wod¹ i lekko dodduszamy. Mieszamy ze start¹ na tarce surow¹ gruszk¹, otrêbami, orzechami, nasionami chia (napêczniej¹ pod wp³ywem p³ynu) oraz cynamonem. Odsatwiamy.;Jab³ko;200
Drugie œniadanie;;;Gruszka;156
Drugie œniadanie;;;Chia nasiona;10
Drugie œniadanie;;;Orzechy dowolne;30
Obiad;Dorsz pieczony z kasz¹ i groszkiem;Fileta z dorsza oprószamy sol¹ i pieprzem cytrynowym. Skrapiamy oliw¹, posypujemy koperkiem, i pieczemy 10-15 minut w temperaturze 180 st. Polecam zawin¹æ w pergamin aby ryba by³a soczysta.Kaszê szklimy na klarowanym maœle, dodajemy groszek, zalewamy wod¹, gotujemy do miêkkoœci. Kaszê gotujemy z ³y¿eczk¹ oliwy.;Dorsz, œwie¿y, filety bez skóry;300
Obiad;;;Kasza jêczmienna, per³owa;60
Obiad;;;Oliwa z oliwek;6
Obiad;;;Koper ogrodowy;3
Obiad;;;Mas³o klarowane;10
Obiad;;;Groszek zielony;40
Podwieczorek;Sa³atka makaronowa z szynk¹;Ugotowany al dente makaron mieszamy z pokrojon¹ w paseczki szynk¹ i oliwkami. Dodajemyfasolkê szparagow¹, skrapiamy oliw¹.;Makaron penne pe³noziarnisty;40
Podwieczorek;;;Oliwki marynowane, konserwowe;15
Podwieczorek;;;Bazylia;10
Podwieczorek;;;Szynka z indyka;90
Podwieczorek;;;Oliwa z oliwek;2
Podwieczorek;;;Fasola szparagowa;40
Kolacja;Zupza z zemniakiem, pietruszk¹ i broku³ami;Warzywa podduszamy na klarowanym maœle. Zalewamy wywarem, gotujemy do miekkoœci. Blendujemy na g³adk¹ masê. Polecam doprawiæ bia³ym pieprzem. Na wierzch zupy dodajemy zimn¹ oliwê.;Ziemniak;31
Kolacja;;;Pietruszka - korzeñ;27
Kolacja;;;Mas³o klarowane;10
Kolacja;;;Wywar z warzyw;250
Kolacja;;;Oliwa z oliwek;2
Kolacja;;;Broku³y;150
Œniadanie;Placuszki bananowe owsiane;Banana miksujemy z jajkiem. Mieszamy z m¹k¹ owsian¹. Odstawiamy na 2-3 minuty. Sma¿ymy na klarowanym maœle lub oleju.;Banan;115
Œniadanie;;;Jaja kurze ca³e;50
Œniadanie;;;Mas³o klarowane;20
Œniadanie;;;M¹ka owsiana;30
Drugie œniadanie;Sa³atka z gruszk¹, orzechami i papryk¹;;Sa³aty - dowolne;75
Drugie œniadanie;;;Orzechy w³oskie;40
Drugie œniadanie;;;Oliwa z oliwek;6
Drugie œniadanie;;;Gruszka;65
Drugie œniadanie;;;Papryka ¿ó³ta;150
Obiad;Cieciorka z cukini¹ i ry¿em w mleku kokosowym;Na patelniê wlewamy mleko kokosowe. Dodajemy cieciorkê z puszki, ³y¿eczkê curry, szczyptê imbiru i œwie¿¹ kolendê. Jak siê zagotuje dodajemy pokrojon¹ w pó³talarki cukiniê. Gotujemy 2 minuty. Jemy z ry¿em.;Cieciorka gotowana na parze Bonduelle;50
Obiad;;;Mleko kokosowe;115
Obiad;;;Cukinia;225
Obiad;;;Ry¿ basmati;60
Obiad;;;Œwierza kolendra;
Podwieczorek;Kanapka z hummusem i sa³at¹;;Chleb ¿ytni razowy;62
Podwieczorek;;;Hummus;20
Podwieczorek;;;Sa³ata;5
Kolacja;Sa³atka z broku³em i serem feta;Ugotowane ró¿yczki broku³a mieszamy z pestkami dyni i oliw¹.;Dynia, pestki;15
Kolacja;;;Oliwa z oliwek;8
Kolacja;;;Broku³y;150
Kolacja;;;"Ser typu ""Feta""";21
Œniadanie;Koktajl œniadaniowy z czerwonymi owocami, i bananem;;Mleko roœlinne dowolne;300
Œniadanie;;;Czerwone owoce (dowolne);100
Œniadanie;;;P³atki owsiane;30
Œniadanie;;;Chia nasiona;10
Œniadanie;;;Otrêby - dowolne;6
Œniadanie;;;Banan;115
Drugie œniadanie;Sa³atka owocowa z pomarañcz¹ i gruszk¹;;Pomarañcza;300
Drugie œniadanie;;;Gruszka;156
Drugie œniadanie;;;S³onecznik, nasiona;25
Drugie œniadanie;;;Otrêby - dowolne;6
Obiad;Kurczak w sosie z pieczarkami;Fileta z kurczaka nacieramy czosnkiem, kurkum¹, szczypt¹ curry i sol¹. Odstawiamy na kilkanaœcie minut (mo¿e byæ na d³u¿ej). Na klarowanym maœle obsma¿amy fileta z obydwu stron. Zdejmujemy z patelni. Odstawiamy na bok. Na patelniê wrzucamy pokrojone w kawa³ki pieczarki, soliny, obsma¿amy, zdejmujemy z patelni. M¹kê mieszamy z mlekiem, wylewamy na patelniê (wysok¹), mieszamy a¿ lekko zgêstnieje. Do mleka wk³adamy kurczaka i pieczarki. Dusimy 20 minut na ma³ym ogniu. Doprawiamy koperkiem.;Miêso z piersi kurczaka;200
Obiad;;;Mas³o klarowane;20
Obiad;;;Pieczarka uprawna, œwie¿a;72
Obiad;;;Czosnek;3
Obiad;;;Kasza jêczmienna, per³owa;50
Obiad;;;Ogórek kiszony;60
Obiad;;;M¹ka kukurydziana;15
Obiad;;;Mleko migda³owe;125
Podwieczorek;Tzatziki;Warzywa œcieramy na grubej tarce. Mieszamy z jogurtem, dprawiamy do smaku.;Jogurt naturalny, 2% t³uszczu;250
Podwieczorek;;;Ogórek;111
Podwieczorek;;;Rzodkiewka;45
Kolacja;Podsma¿ane warzywa;Rozmra¿amy warzywa, podsma¿amy na oleju. Mo¿na u¿yæ dowolnych œwie¿ych warzyw zachowuj¹c gramaturê.;Mieszanka warzywna mro¿ona;300
Kolacja;;;Olej rzepakowy uniwersalny;8
Œniadanie;Kanapka z wêdlin¹, pomidorem sa³at¹ i pesto;;Chleb ¿ytni razowy;124
Œniadanie;;;Polêdwica tzw. ³ososiowa;90
Œniadanie;;;Pomidor;192
Œniadanie;;;Sa³ata;10
Œniadanie;;;Pesto;40
Drugie œniadanie;Sa³atka z makaronem, papryk¹, pomidorem;;Papryka ¿ó³ta;150
Drugie œniadanie;;;Pomidor;192
Drugie œniadanie;;;S³onecznik, nasiona;15
Drugie œniadanie;;;Pietruszka - liœcie;4
Drugie œniadanie;;;Makaron penne pe³noziarnisty;35
Drugie œniadanie;;;Oliwa z oliwek;8
Obiad;Kurczak w sosie z pieczarkami;Fileta z kurczaka nacieramy czosnkiem, kurkum¹, szczypt¹ curry i sol¹. Odstawiamy na kilkanaœcie minut (mo¿e byæ na d³u¿ej). Na klarowanym maœle obsma¿amy fileta z obydwu stron. Zdejmujemy z patelni. Odstawiamy na bok. Na patelniê wrzucamy pokrojone w kawa³ki pieczarki, soliny, obsma¿amy, zdejmujemy z patelni. M¹kê mieszamy z mlekiem, wylewamy na patelniê (wysok¹), mieszamy a¿ lekko zgêstnieje. Do mleka wk³adamy kurczaka i pieczarki. Dusimy 20 minut na ma³ym ogniu. Doprawiamy koperkiem.;Miêso z piersi kurczaka;130
Obiad;;;Mas³o klarowane;20
Obiad;;;Pieczarka uprawna, œwie¿a;72
Obiad;;;Czosnek;3
Obiad;;;M¹ka kukurydziana;15
Obiad;;;Ogórek kiszony;60
Obiad;;;Makaron penne pe³noziarnisty;40
Obiad;;;Mleko migda³owe;125
Podwieczorek;Sa³atka owocowa z jab³kiem;;Jab³ko;250
Podwieczorek;;;Orzechy dowolne;20
Podwieczorek;;;Otrêby - dowolne;6
Kolacja;Sa³atka z cukinii, cieciorki i sa³aty;Cukinia pokrojona w talarki. Podgrillowana na suchej patelni.;Sa³aty - dowolne;75
Kolacja;;;Sos winegret;10
Kolacja;;;Bazylia;10
Kolacja;;;Cukinia;225
Kolacja;;;Cieciorka gotowana na parze Bonduelle;60
Œniadanie;Placuszki bananowe na jogurcie;Banana miksujemy z jajkiem i jogurtem. Mieszamy z p³atkami. Odstawiamy na 5 minut. Sma¿ymy.;Banan;115
Œniadanie;;;Jaja kurze ca³e;50
Œniadanie;;;Jogurt naturalny, 2% t³uszczu;23
Œniadanie;;;Mas³o klarowane;30
Œniadanie;;;P³atki owsiane;60
Drugie œniadanie;Surówka z jab³ka i marchwi;Marchew i jab³ko œcieramy na grubej tarce.;Jab³ko;150
Drugie œniadanie;;;Marchew;100
Drugie œniadanie;;;Otrêby - dowolne;6
Drugie œniadanie;;;S³onecznik, nasiona;15
Drugie œniadanie;;;Oliwa z oliwek;5
Obiad;Sa³atka z kaszy z dodatkami;Na oliwie szklimy kaszê. Zalewamy bulionem warzywnym. Goujemy do miêkkoœci. Na klarowanym maœle podsma¿amy cukiniê pokrojon¹ w kosteczkê. Mieszamy z ugotowan¹ kasz¹, dodatkami i dowoln¹ zielenin¹.;Groszek zielony;30
Obiad;;;Oliwa z oliwek;8
Obiad;;;Cukinia;50
Obiad;;;Oliwki marynowane, konserwowe;20
Obiad;;;Kasza gryczana;60
Obiad;;;Mas³o klarowane;10
Obiad;;;S³onecznik, nasiona;15
Obiad;;;Bulion warzywny;
Podwieczorek;Jogurt z d¿emem i nasionami chia;Jogurt mieszamy z chia i p³ask¹ ³y¿k¹ ksylitolu. Odstawiamy na 5 minut.Na dnie naczynia k³adziemy konfiturê, zalewamy jogurtem.;Jogurt naturalny, 2% t³uszczu;250
Podwieczorek;;;Chia nasiona;10
Podwieczorek;;;D¿em jagodowy, niskos³odzony;15
Kolacja;Pieczony dorsz podawany z ogórkiem;Rybê oprószamy curry i pieprzem cytrynowym. Zawijamy w papier do pieczenia, pieczemy 15 minut w 200 stopniach. Ogórka kroimy w talarki.;Dorsz, œwie¿y, filety bez skóry;250
Kolacja;;;Ogórek;222
Œniadanie;Jajecznica ze szczypiorkiem;;Jaja kurze ca³e;150
Œniadanie;;;Mas³o klarowane;15
Œniadanie;;;Szczypiorek;8
Œniadanie;;;Polêdwica tzw. ³ososiowa;45
Œniadanie;;;Chleb ¿ytni razowy;62
Œniadanie;;;Pesto;20
Drugie œniadanie;Koktajl œniadaniowy z czerwonymi owocami i bananem;;Mleko roœlinne dowolne;250
Drugie œniadanie;;;Czerwone owoce (dowolne);70
Drugie œniadanie;;;Otrêby - dowolne;6
Drugie œniadanie;;;Chia nasiona;10
Drugie œniadanie;;;Banan;58
Obiad;Pieczone udko z ziemniakami, fasolk¹ i marchwi¹;Udko oprószamy sol¹ i majerankiem. Zawijamy w rêkaw do pieczenia, podlewamy delikatnie wod¹. Pieczemy w piekarniku. Marchew i ziemniaka kroimy w talatki. Gotujemy na parze. Skrapiamy oliw¹ z oliwek.;Miêso z ud kurczaka, bez skóry;200
Obiad;;;Marchew;340
Obiad;;;Fasola szparagowa;50
Obiad;;;Ziemniak;180
Obiad;;;Oliwa z oliwek;2
Obiad;;;Rêkaw do pieczenia;
Podwieczorek;Koktajl z kiwi i bananem;;Mleko roœlinne dowolne;250
Podwieczorek;;;Kiwi;81
Podwieczorek;;;Orzechy dowolne;20
Podwieczorek;;;Otrêby - dowolne;6
Podwieczorek;;;Banan;58
Kolacja;Sa³atka z grilowan¹ papryk¹ i sa³at¹;;Sa³ata - mix sa³at;75
Kolacja;;;Sos winegret;10
Kolacja;;;Kie³ki;10
Kolacja;;;Papryka czerwona;150
Œniadanie;Kanapka z serem ¿ó³tym, sa³at¹ i pomidorem;;Chleb ¿ytni razowy;124
Œniadanie;;;Sa³ata;10
Œniadanie;;;Ser ¿ó³ty;60
Œniadanie;;;Pomidor;192
Drugie œniadanie;Grejpfrut z orzechami;;Grejpfrut;300
Drugie œniadanie;;;Orzechy dowolne;30
Obiad;£osoœ pieczony z papryk¹ i cukini¹;Do naczynia ¿aroodpornego wk³adamy ³ososia. Oprószamy sol¹ i pieprzem cytrynowym. Przykrywamy warzywami wymieszanymi z zio³amiprowansalskimi, skrapiamy oliw¹. Pieczemy 30 minut w temperaturze 200 stopni.;£osoœ, œwie¿y;150
Obiad;;;Oliwa z oliwek;8
Obiad;;;Papryka ¿ó³ta;150
Obiad;;;Cukinia;225
Podwieczorek;Dowolna s³odkoœæ;;Dowolna s³odkoœæ do 200 kcal.;60
Kolacja;Sa³atka z cieciork¹, serem feta i pomidorem;;Sa³ata - mix sa³at;75
Kolacja;;;Sos winegret;20
Kolacja;;;"Ser typu ""Feta""";30
Kolacja;;;Cieciorka gotowana na parze Bonduelle;40
Kolacja;;;Dynia, pestki;10
Kolacja;;;Pomidor;192
Œniadanie;Placek owsiany;¯ó³tka oddzielamy od bia³ka. Bia³ko ubijamy na sztywn¹ pianê, ¿ó³tka przek³adamy do miski i mieszamy z p³atami owsianymi, cynamonem, otrêbami i startym na tarce jab³kiem. Nastêpnie delikatnie ³¹czymy z pian¹ z bia³ek. Sma¿ymy na rozgrzanej patelni na z³oty kolor.;P³atki owsiane;30
Œniadanie;;;Mas³o klarowane;20
Œniadanie;;;Jab³ko;100
Œniadanie;;;Jaja kurze ca³e;100
Drugie œniadanie;Sa³atka z cieciork¹ i serem feta;;Fasola szparagowa;50
Drugie œniadanie;;;Oliwa z oliwek;8
Drugie œniadanie;;;Dynia, pestki;15
Drugie œniadanie;;;Pietruszka - liœcie;4
Drugie œniadanie;;;Cieciorka gotowana na parze Bonduelle;40
Drugie œniadanie;;;"Ser typu ""Feta""";21
Obiad;Penne z cukini¹ i pieczonym ³ososiem;Na oliwie podduszamy cukiniê, dodajemy pieprz cytrynowy i pieczonego ³ososia. Mieszamy z makaronem i natk¹ pietruszki.;Makaron penne pe³noziarnisty;70
Obiad;;;£osoœ, œwie¿y;100
Obiad;;;Cukinia;225
Obiad;;;Koper ogrodowy;16
Obiad;;;Oliwa z oliwek;8
Podwieczorek;Kanapka z past¹ roœlinn¹;;Chleb ¿ytni razowy;62
Podwieczorek;;;Hummus;20
Podwieczorek;;;Sa³ata;5
Podwieczorek;;;Sok warzywny;250
Kolacja;Sa³atka z serem feta, oliwkami i pomidorem;;Sa³ata - mix sa³at;75
Kolacja;;;Sos winegret;20
Kolacja;;;"Ser typu ""Feta""";40
Kolacja;;;Oliwki marynowane, konserwowe;30
Kolacja;;;Pomidorki koktajlowe;70
Œniadanie;Kanapka z ogórkiem, wêdlin¹ i sa³at¹;;Chleb ¿ytni razowy;124
Œniadanie;;;Sa³ata;15
Œniadanie;;;Polêdwica tzw. ³ososiowa;90
Œniadanie;;;Ogórek;111
Drugie œniadanie;Sa³atka warzywna z makaronem i cieciork¹;;Cieciorka gotowana na parze Bonduelle;60
Drugie œniadanie;;;Papryka czerwona;150
Drugie œniadanie;;;Pietruszka - liœcie;4
Drugie œniadanie;;;Oliwa z oliwek;2
Drugie œniadanie;;;Sezam, nasiona;13
Drugie œniadanie;;;Makaron penne pe³noziarnisty;45
Obiad;Indyk w sosie szpinakowym ;Indyka oprószamy sol¹ i curry. Na klarowanym maœle podduszamy szpinak z pokrojonym w kosteczkê miêsem. Zalewamy mlekiem kokosowym, dusimy a¿ miêso bêdzie miêkkie. Doprawiamy sol¹, curry i pieprzem cytrynowym. Ca³e danie posypujemy œwie¿¹ koledr¹.;Szpinak;10
Obiad;;;Mleko kokosowe;100
Obiad;;;Miêso z piersi indyka, bez skóry;200
Obiad;;;Mas³o klarowane;5
Obiad;;;Mas³o klarowane;5
Obiad;;;Ry¿ basmati;50
Podwieczorek;Grejpfrut z sezamem;;Grejpfrut;300
Podwieczorek;;;Sezam, nasiona;13
Kolacja;Leczo;Warzywa kroimy w pó³talarki, szklimy na maœle, zalewamy pomidorami i dusimy na ma³ym ogniu a¿ z pomidorów odparuje po³owa wody. Doprawiamy sol¹, œwie¿¹ kolendr¹, s³odk¹ papryk¹ i szczypt¹ curry.;Marchew;100
Kolacja;;;Koper ogrodowy;8
Kolacja;;;Papryka czerwona;150
Kolacja;;;Mas³o klarowane;10
Kolacja;;;Cukinia;100
Kolacja;;;Pomidory w puszce krojone;400
Kolacja;;;Œwierza kolendra;
Œniadanie;Koktajl z czerwonymi owocami i bananem;;Mleko roœlinne dowolne;250
Œniadanie;;;Otrêby - dowolne;6
Œniadanie;;;Czerwone owoce (dowolne);70
Œniadanie;;;P³atki owsiane;40
Œniadanie;;;Banan;115
Œniadanie;;;Sezam, nasiona;5
Drugie œniadanie;Sa³atka z pieczonym burakiem;Pieczemy 2 sztuki buraka (na kolejny dzieñ);Burak;292
Drugie œniadanie;;;Orzechy dowolne;20
Drugie œniadanie;;;"Ser typu ""Feta""";40
Drugie œniadanie;;;Sa³aty - dowolne;75
Drugie œniadanie;;;Sos winegret;10
Obiad;Sa³atka z kasz¹, pietruszk¹ i broku³em;Warzywa gotujemy na parze. Mieszamy je z ugotowan¹ kasz¹, dodatkami i oliw¹. Posypujemy zielenin¹.;Groszek zielony;100
Obiad;;;Pietruszka - liœcie;4
Obiad;;;Kasza gryczana;70
Obiad;;;Oliwa z oliwek;8
Obiad;;;Dynia, pestki;20
Obiad;;;Broku³y;150
Podwieczorek;Grejpfrut z sezamem;;Grejpfrut;300
Podwieczorek;;;Sezam, nasiona;13
Kolacja;Cukinia zapiekana z marchewk¹ i cebul¹;Cukiniê przekrawamy na pó³. Wk³adamy do piekarnika nagrzanego na 200 stopni na 15 minut. Przy pomocy ³y¿eczki wydr¹¿amy œrodek. Na maœle podsma¿amy cebulê, dodajemy start¹ na tarce marchew i posiekany œrodek cukini. Doprawiamy s³odk¹ papryk¹, curry i sol¹. Farszem nape³niamy ³ódeczki cukinii. Zapiekamy ponownie 15 minut.;Cukinia;287
Kolacja;;;Marchew;105
Kolacja;;;Mas³o klarowane;20
Kolacja;;;Cebula;30
Œniadanie;Jogurt z owocami;Jogurt miksujemy z owocami;Jogurt naturalny, 2% t³uszczu;250
Œniadanie;;;Czerwone owoce (dowolne);70
Œniadanie;;;Granola;50
Œniadanie;;;Banan;115
Drugie œniadanie;Sa³¹tka z burakiem i cieciork¹;;Burak;292
Drugie œniadanie;;;Cieciorka gotowana na parze Bonduelle;60
Drugie œniadanie;;;Pietruszka - liœcie;4
Drugie œniadanie;;;Sezam, nasiona;15
Drugie œniadanie;;;Oliwa z oliwek;2
Obiad;Rollsy z naleœników;Papryka powinna byæ pokrojona w cieniutkie paski;Naleœniki suchy;240
Obiad;;;Pesto;70
Obiad;;;Sa³ata;20
Obiad;;;Papryka czerwona;150
Podwieczorek;Kanapka z hummusem i rzodkiewk¹;;Chleb ¿ytni razowy;62
Podwieczorek;;;Hummus;20
Podwieczorek;;;Rzodkiewka;30
Kolacja;Zupa krem z marchewki z mlekiem kokosowym i imbirem;Na oliwie szklimy cebulê. Dodajemy pokrojon¹ w talarki marchewkê i w kostkê ziemniaki. Po 2-3 minutach zalewamy wod¹, tak aby zakry³a warzywa. Dodajemy imbir i gotujemy a¿ marchew bêdzie miêkka. Nastêpnie blendujemy na g³adk¹ masê, dodajemy mleko kokosowe i solimy.;Marchew;200
Kolacja;;;Ziemniak;60
Kolacja;;;Mleko kokosowe;50
Kolacja;;;Cebula;15
Kolacja;;;Imbir;3
Kolacja;;;Oliwa z oliwek;10
Œniadanie;Kanapka z pomidorem i serem ¿ó³tym;;Chleb ¿ytni razowy;124
Œniadanie;;;Sa³ata;15
Œniadanie;;;Ser ¿ó³ty;60
Œniadanie;;;Pomidor;192
Drugie œniadanie;Sa³atka z jab³ka i wyfiletowanej pomarañczy z otrêbami;;Pomarañcza;250
Drugie œniadanie;;;Jab³ko;188
Drugie œniadanie;;;Otrêby - dowolne;6
Drugie œniadanie;;;Sezam, nasiona;13
Obiad;Dorsz po grecku;Warzywa œcieramy na grubek tarce, podsma¿amy na klarowanym maœle, zalewamy pomidorami, doprawiamy sol¹, koprem, s³odk¹ papryk¹, szczypt¹ curry i dusimy 15-20 minut. W naczyniu umieszczamy obsma¿onego w pergaminie (na suchej patelni) dorsza, zalewamy sosem, zapiekamy 10 minut w temperaturze 200 stopni. Ca³oœæ posupujemy natk¹ pietruszki.;Dorsz, œwie¿y, filety bez skóry;250
Obiad;;;Marchew;105
Obiad;;;Pietruszka - korzeñ;27
Obiad;;;Seler korzeniowy;62
Obiad;;;Koper ogrodowy;8
Obiad;;;Mas³o klarowane;15
Obiad;;;Pomidory w puszce krojone;400
Obiad;;;Ry¿ basmati;60
Obiad;;;Pergamin do sma¿enia;
Podwieczorek;Sa³atka warzywna z marchewk¹, pietruszk¹ i fasol¹;Warzywa gotowane na parze, skropione oliw¹.;Marchew;105
Podwieczorek;;;Pietruszka - korzeñ;50
Podwieczorek;;;Oliwa z oliwek;2
Podwieczorek;;;Fasola szparagowa;100
Podwieczorek;;;S³onecznik, nasiona;25
Kolacja;Zupa krem z warzyw;Zupa z dowolonych jarzyn, porcja 400 gramów. Na porcjê zupy jeden ziemniak. Gotowana na bulionie warzywnym na dwa dni.;Zupa jarzynowa;400
Œniadanie;Jajecznica ze szczypiorkiem;Polêdwicê smarujemy pesto, zawiajmy w roloniki;Jaja kurze ca³e;150
Œniadanie;;;Mas³o klarowane;10
Œniadanie;;;Szczypiorek;8
Œniadanie;;;Polêdwica tzw. ³ososiowa;45
Œniadanie;;;Pesto;10
Œniadanie;;;Pomidor;192
Œniadanie;;;Chleb ¿ytni razowy;62
Drugie œniadanie;Koktajl z czerwonymi owocami, kiwi i bananem;;Banan;115
Drugie œniadanie;;;Czerwone owoce (dowolne);70
Drugie œniadanie;;;Otrêby - dowolne;6
Drugie œniadanie;;;Mleko roœlinne dowolne;250
Drugie œniadanie;;;Kiwi;81
Obiad;Zapiekanka z kaszy gryczanej z warzywami i mozzarell¹;Na oliwie podsma¿amy warzywa, mieszamy z pokrojon¹ w kosteczkê mozzarell¹ i ugotowan¹ kasz¹ gryczan¹. Doprawiamy zio³ami prowansalskimi. Wk³adamy do formy wy³o¿onej papierem do pieczenia. Zapiekamy 20 minut w temp 180 stopni.;Papryka czerwona;100
Obiad;;;Cukinia;100
Obiad;;;Ser mozzarella;125
Obiad;;;Oliwa z oliwek;8
Obiad;;;Kasza gryczana;70
Podwieczorek;Kanapka z past¹ roœlinn¹;;Chleb ¿ytni razowy;62
Podwieczorek;;;Hummus;20
Podwieczorek;;;Sa³ata;5
Kolacja;Zupa krem z warzyw;Zupa z dowolonych jarzyn, porcja 400 gramów. Na porcjê zupy jeden ziemniak. Gotowana na bulionie warzywnym na dwa dni.;Zupa jarzynowa;400
Œniadanie;Szarlotkowa owsianka;Wszystkie sk³adniki blendujemy z ³y¿eczk¹ cynamonu;P³atki owsiane;40
Œniadanie;;;Jab³ko;100
Œniadanie;;;Mleko roœlinne dowolne;300
Œniadanie;;;Banan;58
Drugie œniadanie;Sa³atka z papryki i pomidora;;Papryka ¿ó³ta;150
Drugie œniadanie;;;Pietruszka - liœcie;4
Drugie œniadanie;;;Pomidor;192
Drugie œniadanie;;;Sezam, nasiona;13
Drugie œniadanie;;;Cieciorka gotowana na parze Bonduelle;40
Drugie œniadanie;;;Oliwa z oliwek;4
Obiad;Potrawka z kurczaka z koperkiem;Na maœle podsma¿amy warzywa pokrojone w kostkê. Zalewamy 200 ml wody, wk³adamy udko z kurczaka bez skóry i gotujemy, a¿ bêdzie miêkkie. Wyjmujemy z wywaru, miêso oddzielamy od koœci, kroimy w kawa³ki. M¹kê rozrabiamy w po³owie szklanki mleka, dodajemy do sosu, energicznie mieszamy i gotujemy 3-4 minuty. Doprawiamy do smaku. Sos mieszamy z miêsem i koperkiem.;Miêso z ud kurczaka, bez skóry;160
Obiad;;;Seler korzeniowy;62
Obiad;;;Mleko roœlinne dowolne;125
Obiad;;;Marchew;45
Obiad;;;Pietruszka - korzeñ;27
Obiad;;;Koper ogrodowy;8
Obiad;;;Mas³o klarowane;5
Obiad;;;M¹ka kukurydziana;15
Obiad;;;Ziemniak;100
Obiad;;;Fasola szparagowa;50
Podwieczorek;Koktajl z kiwi i bananem;;Mleko roœlinne dowolne;250
Podwieczorek;;;Kiwi;81
Podwieczorek;;;Otrêby - dowolne;6
Podwieczorek;;;Banan;58
Podwieczorek;;;Sezam, nasiona;5
Kolacja;Sa³atka z rzodkiewk¹ i mozzarell¹;;Sa³ata - mix sa³at;75
Kolacja;;;Oliwki marynowane, konserwowe;30
Kolacja;;;Sos winegret;10
Kolacja;;;Rzodkiewka;60
Kolacja;;;Ser mozzarella;125
Œniadanie;Owsianka z bananem;P³atki wymieszane z nasionami zalewamy ciep³ym mlekiem. Odstawiamy na 5 minut, nastêpnie mieszamy z owocami.;Banan;115
Œniadanie;;;Chia nasiona;10
Œniadanie;;;Czerwone owoce (dowolne);120
Œniadanie;;;Mleko roœlinne dowolne;250
Œniadanie;;;P³atki gryczane;50
Drugie œniadanie;Krem z broku³ów;Warzywa kroimy w kawa³ki, podsma¿amy na oliwie, zalewamy bulionem warzywnym. Gotujemy do miêkkoœci, blendujemy, solimy. Posypujemy ziarniami. Zupê gotujemy na dwa dni;Broku³y;156
Drugie œniadanie;;;Dynia, pestki;20
Drugie œniadanie;;;Oliwa z oliwek;8
Drugie œniadanie;;;Wywar z warzyw;250
Drugie œniadanie;;;Ziemniak;90
Obiad;Pierœ z indyka z warzywami;Miêso oprószamy przyprawami (pieprz cytrynowy, sól), zawijamy w papier œniadaniowy, sma¿ymy na suchej patelni.;Miêso z piersi indyka, bez skóry;150
Obiad;;;Ogórek;333
Obiad;;;Rzodkiewka;60
Obiad;;;Sa³aty - dowolne;75
Obiad;;;Sos winegret;20
Podwieczorek;Kanapka z sa³at¹ i rzodkiewk¹ + sok warzywno-owocowy;;Chleb ¿ytni razowy;62
Podwieczorek;;;Rzodkiewka;45
Podwieczorek;;;Sa³ata;5
Podwieczorek;;;Serek typu Philadelphia;25
Podwieczorek;;;Sok warzywno - owocowy (50/50);250
Kolacja;Zapiekanka z kaszy jaglanej z warzywami.;Warzywa kroimy w kawa³ki. Podsma¿amy na oliwie. Mieszamy z ugotowan¹ kasz¹. Uk³adamy w naczyniu do zapiekania. Posypujemy serem. Zapiekamy 15 minut w 180 stopniach.;Cukinia;112
Kolacja;;;Kasza jaglana;50
Kolacja;;;Oliwa z oliwek;8
Kolacja;;;Papryka czerwona;150
Kolacja;;;Pieczarka uprawna, œwie¿a;54
Kolacja;;;"Ser typu ""Feta""";30
Œniadanie;Kanapka z pomidorem, pesto i wêdlin¹;;Chleb ¿ytni razowy;124
Œniadanie;;;Pesto;40
Œniadanie;;;Pomidor;192
Œniadanie;;;Sa³ata;15
Œniadanie;;;Szynka z indyka;90
Drugie œniadanie;Sa³atka owocowa z kiwi i czerwonymi owocami;Owoce mieszamy z pokruszonymi orzechami i otrêbami.;Czerwone owoce (dowolne);200
Drugie œniadanie;;;Kiwi;162
Drugie œniadanie;;;Orzechy dowolne;30
Drugie œniadanie;;;Otrêby - dowolne;6
Obiad;Penne z cukini¹;Cukiniê kroimy w pó³talarki. Lekko podsma¿amy na oliwie z oliwek (ma byæ krucha, al dente). Mieszamy z makaronem i dodatkami. Ca³oœæ posypujemy dowoln¹ zielenin¹.;Cukinia;225
Obiad;;;Makaron penne pe³noziarnisty;70
Obiad;;;Migda³y;20
Obiad;;;Oliwa z oliwek;8
Podwieczorek;Sa³atka warzywna z makaronem i jajkiem;;Jaja kurze ca³e;50
Podwieczorek;;;Makaron penne pe³noziarnisty;35
Podwieczorek;;;Ogórek;111
Podwieczorek;;;Oliwa z oliwek;3
Podwieczorek;;;Rzodkiewka;45
Podwieczorek;;;S³onecznik, nasiona;15
Kolacja;Krem z broku³ów;Warzywa kroimy w kawa³ki, podsma¿amy na oliwie, zalewamy bulionem warzywnym. Gotujemy do miêkkoœci, blendujemy, solimy. Posypujemy ziarniami. Zupê gotujemy na dwa dni.;Oliwa z oliwek;8
Kolacja;;;Wywar z warzyw;250
Kolacja;;;Ziemniak;90
Kolacja;;;Broku³y;156
Œniadanie;Placuszki jab³kowe;Jab³ko œcieramy na tarce. Mieszamy z ¿ó³tkiem, jogurtem i zmielonymi p³atkami. Odstawiamy na 5 minut, mieszamy z pian¹ ubit¹ z bia³ek. Placuszki sma¿ymy na klarowanym maœle.;Mas³o klarowane;25
Œniadanie;;;P³atki owsiane;40
Œniadanie;;;Jab³ko;250
Œniadanie;;;Jogurt naturalny, 2% t³uszczu;23
Œniadanie;;;Jaja kurze ca³e;100
Drugie œniadanie;Koktajl z truskawek i banana;;Truskawki;100
Drugie œniadanie;;;Otrêby - dowolne;6
Drugie œniadanie;;;Mleko roœlinne dowolne;300
Drugie œniadanie;;;Sezam, nasiona;13
Drugie œniadanie;;;Banan;115
Obiad;£osoœ z kapust¹;£ososia oprószamy przyprawami. Zawijamy w papier do pieczenia. Pieczemy 20 minut w temperaturze 200 stopni. Kapustê kroimy w kawa³ki. Podduszamy na maœle, solimy, przykrywamy pokrywk¹, duismy do miêkkoœci. Doprawiamy œwie¿ym koperkiemi œwie¿o zmielonym pieprzem.;£osoœ, œwie¿y;200
Obiad;;;Kapusta bia³a;130
Obiad;;;Mas³o klarowane;10
Podwieczorek;Sa³¹tka warzywna z marchewk¹, ogórkiem i rzodkiewk¹;Warzywa œcieramy na tarce. Mieszamy z reszt¹ sk³adników.;Marchew;105
Podwieczorek;;;Rzodkiewka;105
Podwieczorek;;;Ogórek ma³osolny;120
Podwieczorek;;;S³onecznik, nasiona;10
Podwieczorek;;;Otrêby - dowolne;2
Kolacja;Cukinia faszerowana marchewk¹, fet¹ i suszonymi pomidorami;Cukiniê przekrawamy na pó³. Wk³adamy do piekarnika nagrzanego do 200 stopni na 15 minut. Z cukinii wydr¹¿amy œrodek. Kroimy w kosteczkê, mieszamy ze start¹ na drobniutkiej tarce marchewk¹ , pokruszon¹ fet¹ i pokrojonymi drobniutko suszonymi pomidorami. Nape³niamy farszem ³ódeczki. Wk³adamy do piekarnika na 15 minut.;Cukinia;287
Kolacja;;;Marchew;105
Kolacja;;;"Ser typu ""Feta""";21
Kolacja;;;Suszone pomidory;40
Œniadanie;Koktajl z truskawek i banana;;P³atki owsiane;30
Œniadanie;;;Truskawki;70
Œniadanie;;;Mleko roœlinne dowolne;300
Œniadanie;;;Sezam, nasiona;13
Œniadanie;;;Banan;115
Drugie œniadanie;Jab³ko i gruszka z orzechami;;Jab³ko;263
Drugie œniadanie;;;Orzechy dowolne;30
Drugie œniadanie;;;Otrêby - dowolne;6
Drugie œniadanie;;;Gruszka;156
Obiad;Sa³atka makaronowa z papryk¹ i czerwon¹ fasol¹;;Makaron penne pe³noziarnisty;50
Obiad;;;S³onecznik, nasiona;20
Obiad;;;Sos winegret;10
Obiad;;;Ogórek;222
Obiad;;;Papryka czerwona;75
Obiad;;;Fasola czerwona z puszki;60
Podwieczorek;Kanapka z past¹ roœlinn¹;;Chleb ¿ytni razowy;62
Podwieczorek;;;Hummus;20
Podwieczorek;;;Sa³ata;5
Podwieczorek;;;Ogórek;111
Kolacja;Sa³atka z pomiorem i serem feta;;Pomidor;576
Kolacja;;;S³onecznik, nasiona;15
Kolacja;;;"Ser typu ""Feta""";40
Œniadanie;Omlet z papryk¹ i szynk¹;;Jaja kurze ca³e;150
Œniadanie;;;Mas³o klarowane;15
Œniadanie;;;Szynka z indyka;45
Œniadanie;;;Papryka czerwona;75
Œniadanie;;;Szczypiorek;8
Œniadanie;;;Chleb ¿ytni razowy;31
Œniadanie;;;Pesto;10
Drugie œniadanie;Sa³atka z kiwi i czerwonymi owocami;;Czerwone owoce (dowolne);150
Drugie œniadanie;;;Orzechy dowolne;20
Drugie œniadanie;;;Otrêby - dowolne;6
Drugie œniadanie;;;P³atki owsiane;30
Drugie œniadanie;;;Kiwi;162
Obiad;Sa³atka z kaszy, warzyw i nasion z kolendr¹;Kaszê gotujemy w osolonej wodzie. Warzywa kroimy w kosteczkê. Liœcie kolendry drobno siekamy. Ugotowan¹ i wystudzon¹ kaszê, warzywa, kolendrê i ziarna dok³adnie mieszamy.;Kasza jêczmienna, per³owa;60
Obiad;;;Rzodkiewka;45
Obiad;;;Ogórek;111
Obiad;;;S³onecznik, nasiona;25
Obiad;;;"Ser typu ""Feta""";42
Podwieczorek;Kanapka z pesto i pomidorem;;Chleb ¿ytni razowy;93
Podwieczorek;;;Pesto;30
Podwieczorek;;;Pomidor;192
Kolacja;Sa³atka warzywna z cukini¹, papryk¹ i fasol¹ szparagow¹;Warzywa podduszamy na oliwie. Mieszamy z dodatkami. Posypujemy zielenin¹.;Fasola szparagowa;50
Kolacja;;;Cukinia;100
Kolacja;;;Oliwa z oliwek;2
Kolacja;;;Pieczarka uprawna, œwie¿a;36
Kolacja;;;Dynia, pestki;20
Kolacja;;;Papryka czerwona;75
Œniadanie;Placuszki owocowe;Owoce miksujemy z ¿ó³tkiem. Mieszamy z p³atkami. Odstawiamy na 5 minut. Mieszamy z ubit¹ pian¹ z bia³ek. Sma¿ymy.;Mas³o klarowane;15
Œniadanie;;;P³atki owsiane;50
Œniadanie;;;Czerwone owoce (dowolne);100
Œniadanie;;;Jaja kurze ca³e;100
Drugie œniadanie;Koktajl z truskawek i banana;;Mleko roœlinne dowolne;250
Drugie œniadanie;;;Truskawki;70
Drugie œniadanie;;;Banan;115
Drugie œniadanie;;;Otrêby - dowolne;6
Obiad;Tagliatelle z pomidorami, kurczakiem i szpinakiem;Z pomidorów zdejmujemy skórê i usuwamy gniazda nasienne. Kroimy w kosteczkê. Na klarowanym maœle podsma¿amy pokrojonego w kostkê kurczaka. Dodajemy pomidory, szpinak i czosnek. Mieszamy z ugotowanym makaronem.;Makaron penne pe³noziarnisty;70
Obiad;;;Mas³o klarowane;10
Obiad;;;Pomidor;384
Obiad;;;Czosnek;3
Obiad;;;Szpinak;10
Obiad;;;Miêso z piersi kurczaka;150
Podwieczorek;Ry¿ zapiekany z jab³kiem;Kokilkê smarujemy mas³em. Gotujemy ry¿ do miêkkoœci, pod koniec dodajemy pokrojone w kostkê jab³ko. Przek³adamy do formy do zapiekania. Delikatnie posypujemy cynamonem, mieszamy z migda³ami. Zapiekamy 5 minut pod przykryciem.;Jab³ko;200
Podwieczorek;;;Ry¿ basmati;30
Podwieczorek;;;Migda³y;10
Podwieczorek;;;Mas³o klarowane;5
Podwieczorek;;;Sok warzywno - owocowy (50/50);250
Kolacja;Sa³atka z ogórków;;Ogórek;200
Kolacja;;;Ogórek ma³osolny;150
Kolacja;;;S³onecznik, nasiona;15
Kolacja;;;Koper ogrodowy;3
Kolacja;;;"Ser typu ""Feta""";21
Œniadanie;Pasta jajeczna;Jajka gotujemy na 3/4 ( 4 minuty od zagotoania) tzn. nie mog¹ byæ zupe³nie na twardo. Ugotowane drobno siekamy, doprawiamy do smaku sol¹ i koperkiem. Mo¿na dodaæ trochê musztardy do smaku.;Jaja kurze ca³e;100
Œniadanie;;;Sa³ata;10
Œniadanie;;;Chleb ¿ytni razowy;124
Œniadanie;;;Rzodkiewka;40
Drugie œniadanie;Koktajl z truskawek, kiwi i banana;;Truskawki;70
Drugie œniadanie;;;Mleko roœlinne dowolne;250
Drugie œniadanie;;;Kiwi;81
Drugie œniadanie;;;Otrêby - dowolne;6
Drugie œniadanie;;;Banan;115
Obiad;Pierœ z indyka z warzywami;Miêso oprószamy sol¹, s³odk¹ papryk¹ i pieprzem cytrynowym. Zawijamy w pergamin, dusimy na parze. Warzywa dusimy na parze. Wrzucamu na patelniê z rozgrzanym mas³em klarowanym. Dodajemy migda³y.;Miêso z piersi indyka, bez skóry;250
Obiad;;;Broku³y;150
Obiad;;;Marchew;105
Obiad;;;Pietruszka - korzeñ;50
Obiad;;;Migda³y;20
Obiad;;;Mas³o klarowane;10
Podwieczorek;Ja³bko i czerwone owoce zapiekane z granol¹;Pokrojone jab³ko mieszamy z owocami. Wk³adamy do posmarowanej mas³em kokilki. Zapiekamy 15 minut w temperaturze 180 stopni. Mieszamy z granol¹.;Jab³ko;188
Podwieczorek;;;Czerwone owoce (dowolne);100
Podwieczorek;;;Granola;40
Kolacja;Sa³atka z grillowanej cukini, rzodkiewki i sera feta;;Sa³ata - mix sa³at;75
Kolacja;;;Sos winegret;20
Kolacja;;;Cukinia;225
Kolacja;;;Dynia, pestki;20
Kolacja;;;Rzodkiewka;90
Kolacja;;;"Ser typu ""Feta""";21
Œniadanie;Mus z kaszy i czerwonych owoców;Kaszê jaglan¹ zalaæ wrz¹tkiem. Odczekaæ 2-3 minuty. Zlaæ wrz¹tek i przelaæ kaszê na sitku zimn¹ wod¹. Tak przygotowan¹ kaszê ugotowaæ. Wymieszaæ ze œwie¿ymi owocami i dodatkami.;Kasza jaglana;40
Œniadanie;;;Mleko roœlinne dowolne;300
Œniadanie;;;Chia nasiona;10
Œniadanie;;;Czerwone owoce (dowolne);100
Drugie œniadanie;Sa³atka z melona i czerwonych owoców;;Melon;260
Drugie œniadanie;;;Czerwone owoce (dowolne);70
Drugie œniadanie;;;Otrêby - dowolne;6
Drugie œniadanie;;;Orzechy dowolne;30
Obiad;Pierœ z kurczaka z kasz¹ ;Kurczaka kroimy w kosteczkê. Obtaczamy w zio³ach prowansalskich, solimy, odstawiamy na kilka minut. Na klarowanym maœle podsma¿amy kurczaka. Jak zmieni kolor, przykywamy pokrywk¹ i odstawiamy na 10 minut do zaparowania. Miêso ma odpocz¹æ. Ugotowan¹ kaszê gryczan¹ mieszamy z miêsem, poszarpanymi listkami bazylii i sosem winegret. Posypujemy ziarnami i zielenin¹.;Kasza gryczana;70
Obiad;;;Bazylia;10
Obiad;;;Sos winegret;10
Obiad;;;Miêso z piersi kurczaka;150
Obiad;;;Mas³o klarowane;10
Obiad;;;S³onecznik, nasiona;15
Podwieczorek;Kanapka z ogórkiem, szynk¹ i sa³at¹ + sok warzywno-owocowy;;Chleb ¿ytni razowy;62
Podwieczorek;;;Ogórek;111
Podwieczorek;;;Szynka z indyka;30
Podwieczorek;;;Sa³ata;5
Podwieczorek;;;Sok warzywno - owocowy (50/50);250
Kolacja;Sa³¹tka z pomidorem i rzodkiewk¹;;Sa³ata - mix sa³at;75
Kolacja;;;Sos winegret;20
Kolacja;;;Pomidor;192
Kolacja;;;Rzodkiewka;115
Kolacja;;;S³onecznik, nasiona;15
Œniadanie;Kanapka z hummusem i ogórkiem;;Hummus;40
Œniadanie;;;Chleb ¿ytni razowy;124
Œniadanie;;;Ogórek;222
Œniadanie;;;Sa³ata;15
Drugie œniadanie;Sa³atka z melona i czerwonych owoców;;Melon;260
Drugie œniadanie;;;Czerwone owoce (dowolne);70
Drugie œniadanie;;;Otrêby - dowolne;6
Drugie œniadanie;;;Orzechy dowolne;40
Obiad;Kurczak z marchewk¹ i koperkiem w sosie kokosowym;Kurczaka kroimy w kostkê. Oprószamy sol¹ i zio³ami prowansalskimi. Podsma¿amy na klarowanym maœle. Dodajemy start¹ na tagliatelle (przy pomocy obieraczki do warzyw) marchew i mleko kokosowe. Dusimy ok. 4 minut na ma³ym ogniu. Mieszamy z koperkiem.;Marchew;105
Obiad;;;S³onecznik, nasiona;15
Obiad;;;Miêso z piersi kurczaka;100
Obiad;;;Mas³o klarowane;10
Obiad;;;Makaron penne pe³noziarnisty;70
Podwieczorek;Jogurt z granol¹;;Jogurt naturalny, 2% t³uszczu;250
Podwieczorek;;;Granola;40
Kolacja;Sa³atka z pomidorem i rzodkiewk¹;;Sos winegret;20
Kolacja;;;Pietruszka - liœcie;4
Kolacja;;;Pomidor;200
Kolacja;;;Sa³aty - dowolne;75
Kolacja;;;Rzodkiewka;45
Œniadanie;Szarlotkowa owsianka;Wszystkie sk³adniki blendujemy z ³y¿eczk¹ cynamonu.;P³atki owsiane;40
Œniadanie;;;Jab³ko;100
Œniadanie;;;Banan;115
Œniadanie;;;Mleko roœlinne dowolne;300
Œniadanie;;;Sezam, nasiona;13
Drugie œniadanie;Sa³atka z gruszk¹ i orzechami;;Orzechy dowolne;30
Drugie œniadanie;;;Sa³aty - dowolne;75
Drugie œniadanie;;;Oliwa z oliwek;5
Drugie œniadanie;;;Gruszka;217
Obiad;Kurczak z marchewk¹ i koperkiem w sosie kokosowym;Kurczaka kroimy w kostkê. Oprószamy sol¹ i zio³ami prowansalskimi. Podsma¿amy na klarowanym maœle. Dodajemy start¹ na tagliatelle (przy pomocy obieraczki do warzyw) marchew i mleko kokosowe. Dusimy ok. 4 minut na ma³ym ogniu. Mieszamy z koperkiem.;Marchew;105
Obiad;;;S³onecznik, nasiona;15
Obiad;;;Miêso z piersi kurczaka;100
Obiad;;;Mas³o klarowane;10
Obiad;;;Kasza gryczana;40
Podwieczorek;Kanapka z past¹ roœlinn¹;;Chleb ¿ytni razowy;62
Podwieczorek;;;Hummus;20
Podwieczorek;;;Sa³ata;5
Podwieczorek;;;Sok warzywno - owocowy (50/50);250
Kolacja;Sa³atka z pomidorem, papryk¹ i serem feta;;Papryka czerwona;150
Kolacja;;;Pietruszka - liœcie;4
Kolacja;;;Pomidor;384
Kolacja;;;Sos winegret;10
Kolacja;;;"Ser typu ""Feta""";21
Œniadanie;Kanapka z hummusem i szczypiorkiem;;Chleb ¿ytni razowy;124
Œniadanie;;;Hummus;40
Œniadanie;;;Szczypiorek;8
Drugie œniadanie;Sa³atka z makaronem, serem feta i gruszk¹;;Makaron penne pe³noziarnisty;60
Drugie œniadanie;;;Orzechy dowolne;20
Drugie œniadanie;;;Oliwa z oliwek;5
Drugie œniadanie;;;"Ser typu ""Feta""";42
Drugie œniadanie;;;Gruszka;156
Obiad;Dorsz z kapust¹;Na klarowanym maœle podduszamy pokrojon¹ kapustê. Przykrywamy pokrywk¹, dusimy do miêkkoœci. Solimy, doprawiamy koperkiem. Dorsza oprószamy sol¹ i koperkiem. Zawijamy w papier do pieczenia. Dusimy na parze lub sma¿ymy na suchej patelni.;Kapusta bia³a;200
Obiad;;;Mas³o klarowane;10
Obiad;;;Dorsz, œwie¿y, filety bez skóry;250
Podwieczorek;Kanapka z wêdlin¹, rzodkiewk¹ i sa³at¹;;Chleb ¿ytni razowy;62
Podwieczorek;;;Sa³ata;10
Podwieczorek;;;Szynka z indyka;30
Podwieczorek;;;Rzodkiewka;15
Kolacja;Sa³atka z kasz¹, pomidorem i jajkami;;Jaja kurze ca³e;50
Kolacja;;;Sos winegret;20
Kolacja;;;Pietruszka - liœcie;4
Kolacja;;;Pomidor;300
Kolacja;;;Kasza jaglana;36
Œniadanie;Jajecznica ze szczypiorkiem;;Jaja kurze ca³e;150
Œniadanie;;;Mas³o klarowane;10
Œniadanie;;;Ogórek;222
Œniadanie;;;Chleb ¿ytni razowy;31
Œniadanie;;;Szczypiorek;8
Drugie œniadanie;Jogurt z granol¹ z czerwonymi owocami i bananem;;Jogurt naturalny, 2% t³uszczu;250
Drugie œniadanie;;;Granola;40
Drugie œniadanie;;;Czerwone owoce (dowolne);70
Drugie œniadanie;;;Banan;115
Obiad;Zielone risotto;Na klarowanym maœle szklimy ry¿. Dodajemy pokrojon¹ w kawa³ki cukiniê i groszek. Zalewamy bulionem. Gotujemy bez przykrycia a¿ ry¿ bêdzie miêkki.W razie potrzeby dolewamy bulionu. Gotowe risotto mieszamy z posiekan¹ kolendr¹ lub inn¹ ulubion¹ zielenin¹.;Ry¿ br¹zowy;70
Obiad;;;Groszek zielony;100
Obiad;;;Mas³o klarowane;25
Obiad;;;Cukinia;50
Podwieczorek;Kanapka hummusem i ogórkiem + sok warzywno-owocowy;;Chleb ¿ytni razowy;62
Podwieczorek;;;Ogórek;111
Podwieczorek;;;Hummus;20
Podwieczorek;;;Sok warzywno - owocowy (50/50);250
Kolacja;Sa³atka z rzodkiewk¹ i ogórkiem;;Sa³aty - dowolne;75
Kolacja;;;Migda³y;10
Kolacja;;;Sos winegret;20
Kolacja;;;Rzodkiewka;50
Kolacja;;;Ogórek;222
Œniadanie;Koktajl z czerwonych owoców z sezamem;;Mleko roœlinne dowolne;300
Œniadanie;;;P³atki owsiane;30
Œniadanie;;;Czerwone owoce (dowolne);100
Œniadanie;;;Sezam, nasiona;13
Drugie œniadanie;Jab³ko z migda³ami;;Jab³ko;263
Drugie œniadanie;;;Migda³y;50
Obiad;Tagliatelle z marchewk¹;Marchewki œcieramy na tagliatelle przy pomocy obieraczki do warzyw. Na patelni rozgrzewamy klarowane mas³o. Dodajemy marchew, dusimy pod przykryciem a¿ zmiêknie. Dodajemy rozgnieciony z¹bek czosnku, mleko kokosowe i koperek. Mieszamy, lekko podduszamy. Doprawiamy do smaku sol¹. Mieszamy z ugotowanym makaronem.;Marchew;200
Obiad;;;Mas³o klarowane;10
Obiad;;;Czosnek;3
Obiad;;;Koper ogrodowy;3
Obiad;;;Makaron penne pe³noziarnisty;60
Obiad;;;Mleko kokosowe;115
Obiad;;;Migda³y;10
Podwieczorek;Koktajl z czerwonych owoców;;Czerwone owoce (dowolne);70
Podwieczorek;;;Otrêby - dowolne;6
Podwieczorek;;;Mleko roœlinne dowolne;300
Kolacja;Zupa warzywna;Warzywa podduszamy na maœle. Zalewamy bulionem. Gotujemy do miêkkoœci. Blendujemy.;Mas³o klarowane;10
Kolacja;;;Ziemniak;31
Kolacja;;;Pietruszka - korzeñ;27
Kolacja;;;Wywar z warzyw;300
Kolacja;;;Dynia, pestki;10
Kolacja;;;Kalarepa;204
Œniadanie;Mus z kaszy i czerwonych owoców;Kaszê jaglan¹ zalaæ wrz¹tkiem. Odczekaæ 2-3 minuty. Zlaæ wrz¹tek i przelaæ kaszê na sitku zimn¹ wod¹. Tak przygotowan¹ kaszê ugotowaæ. Wymieszaæ z owocami.;Kasza jaglana;40
Œniadanie;;;Mleko roœlinne dowolne;300
Œniadanie;;;Czerwone owoce (dowolne);30
Drugie œniadanie;Jab³ko z migda³ami;;Migda³y;40
Drugie œniadanie;;;Jab³ko;188
Obiad;Dorsz zapiekany z warzywami;Warzywa œcieramy na grubej tarce. Podsma¿amy na po³owie klarowanego mas³a. Doprawiamy do smaku, mieszamy z koperkiem. Rybê obtaczamy w m¹ce, podsma¿amy na drugiej porcji mas³a, przykrywamy warzywami, wstawiamy do piekarnika nagrzanego do 200 stopni na 10 minut.;Marchew;105
Obiad;;;Pietruszka - korzeñ;27
Obiad;;;Koper ogrodowy;8
Obiad;;;Makaron penne pe³noziarnisty;50
Obiad;;;Dorsz, œwie¿y, filety bez skóry;200
Obiad;;;Mas³o klarowane;25
Obiad;;;M¹ka ry¿owa;10
Podwieczorek;Czerwone owoce zapiekane z p³atkami owsianymi;P³atki mieszamy z owocami. Wk³adamy do wysmarowanej mas³em kokilki. Pieczemy 10 minut w temperaturze 150 stopni.;P³atki owsiane;50
Podwieczorek;;;Czerwone owoce (dowolne);150
Podwieczorek;;;Mas³o klarowane;5
Kolacja;Sa³atka z pomidorem, serem feta i grzankami (a chleba);;Sa³ata - mix sa³at;75
Kolacja;;;Pomidor;200
Kolacja;;;Migda³y;20
Kolacja;;;Chleb ¿ytni razowy;31
Kolacja;;;Sos winegret;20
Kolacja;;;"Ser typu ""Feta""";21
Œniadanie;Jajka na miêkko z wêdlin¹ i pesto;;Jaja kurze ca³e;100
Œniadanie;;;Chleb ¿ytni razowy;62
Œniadanie;;;Szynka z indyka;50
Œniadanie;;;Pesto;30
Drugie œniadanie;Sa³atka z ry¿u i warzyw;Na oliwie szklimy ry¿. Zalewamy bulionem warzywnym lub wod¹. Gotujemy al dente. Pod koniec gotowania dodajemy groszek (mro¿ony lub œwie¿y). Mieszamy z reszt¹ sk³adników. Dodajemy dowoln¹ zieleninê.;Ry¿ basmati;50
Drugie œniadanie;;;Groszek zielony;50
Drugie œniadanie;;;Oliwa z oliwek;8
Drugie œniadanie;;;S³onecznik, nasiona;20
Drugie œniadanie;;;Ogórek;111
Drugie œniadanie;;;"Ser typu ""Feta""";21
Obiad;Pierœ z kurczaka z warzywami;Warzywa œcieramy na tagliatelle przy pomocy obieraczki do warzyw. Szklimy na maœle klarowanym. W razie potrzeby podlewamy lekko wod¹. Miêso oprószamy zio³ami prowansalskimi i sol¹. Zawijamy w pergamin. Sma¿ymy na suchej patelni lub gotujemy na parze. Ziemniaki pokrojone w talarki, gotowane na parze.;Marchew;105
Obiad;;;Pietruszka - korzeñ;50
Obiad;;;Mas³o klarowane;10
Obiad;;;Miêso z piersi kurczaka;150
Obiad;;;Ziemniak;180
Podwieczorek;Kanapka z hummusem i rzodkiewk¹;;Chleb ¿ytni razowy;62
Podwieczorek;;;Hummus;20
Podwieczorek;;;Rzodkiewka;30
Kolacja;Pieczone warzywa;Warzywa kroimy w kawa³ki. Zalewamy olejem, mieszamy. Pieczemu w 180 stopniach przez godzinê. Co 15 minut mieszamy. Posypujemy œwie¿¹ kolendr¹ lub inn¹ zielenin¹. To danie mo¿na te¿ wykonaæ bez u¿ycia piekarnika po prostu przesma¿aj¹cwarzywa bez przykrycia. Gotowe danie posypujemy rozkruszon¹ fet¹.;Papryka czerwona;150
Kolacja;;;Cukinia;100
Kolacja;;;"Ser typu ""Feta""";42
Kolacja;;;Olej rzepakowy uniwersalny;8
Kolacja;;;Dynia, pestki;20
Œniadanie;Koktajl z czerwonych owoców i banana;;Mleko roœlinne dowolne;300
Œniadanie;;;P³atki owsiane;30
Œniadanie;;;Czerwone owoce (dowolne);100
Œniadanie;;;Sezam, nasiona;13
Œniadanie;;;Banan;115
Drugie œniadanie;Sa³atka z makaronem, broku³em, pomidorami;;Makaron penne pe³noziarnisty;40
Drugie œniadanie;;;Bazylia;10
Drugie œniadanie;;;Broku³y;100
Drugie œniadanie;;;Pomidorki koktajlowe;40
Drugie œniadanie;;;S³onecznik, nasiona;15
Drugie œniadanie;;;Sos winegret;20
Obiad;Dorsz z warzywami gotowanymi na parze;Rybê doprawiamy przyprawami, obtaczamy w m¹ce, sma¿ymy na maœle. Warzywa gotowane na parze. Polane roztopninym mas³em.;Dorsz, œwie¿y, filety bez skóry;200
Obiad;;;M¹ka ry¿owa;10
Obiad;;;Fasola szparagowa;100
Obiad;;;Marchew;105
Obiad;;;Mas³o klarowane;10
Obiad;;;Ziemniak;90
Podwieczorek;Sa³atka z jab³ka i kiwi;;Jab³ko;200
Podwieczorek;;;Otrêby - dowolne;6
Podwieczorek;;;Chia nasiona;10
Podwieczorek;;;Kiwi;81
Kolacja;Zupa krem z zielonego groszku;Na klarowanym maœle podduszamy warzywa. Zalewamy bulionem, gotujemy do miêkkoœci. ;Groszek zielony;100
Kolacja;;;Wywar z warzyw;400
Kolacja;;;Seler korzeniowy;62
Kolacja;;;Pietruszka - korzeñ;27
Kolacja;;;Mas³o klarowane;25
Kolacja;;;Pesto;20
Œniadanie;Placuszki jab³kowe;Jab³ko œcieramy na tarce. Mieszamy z jogurtem, ¿ó³tkiem i zmielonymi p³atkami. Odstawiamy na 5 minut. ;Mas³o klarowane;15
Œniadanie;;;P³atki owsiane;40
Œniadanie;;;Jab³ko;150
Œniadanie;;;Jogurt naturalny, 2% t³uszczu;23
Œniadanie;;;Jaja kurze ca³e;100
Drugie œniadanie;Sa³atka owocowa z gruszk¹ i jab³kiem;;Gruszka;140
Drugie œniadanie;;;Jab³ko;188
Drugie œniadanie;;;Migda³y;20
Drugie œniadanie;;;Otrêby - dowolne;6
Obiad;£osoœ z warzywami;Marchew kroimy w talarki i gotujemy na parze razem z broku³ami. Gotowe skrapiamy oliw¹ z oliwek. Rybê pieczemy w piekarniku lub zawiniêt¹ w pergamin sma¿ymy na suchej patelni. Przyprawy dowolne.;£osoœ, œwie¿y;250
Obiad;;;Marchew;150
Obiad;;;Broku³y;100
Obiad;;;Oliwa z oliwek;8
Podwieczorek;Kanapka z serkiem typu philadelphia i ogórkiem;;Chleb ¿ytni razowy;62
Podwieczorek;;;Serek typu Philadelphia;25
Podwieczorek;;;Sa³ata;5
Podwieczorek;;;Ogórek;111
Kolacja;Sa³atka z papryk¹, pomidorem i serem feta;;Papryka czerwona;150
Kolacja;;;Sos winegret;10
Kolacja;;;Pietruszka - liœcie;4
Kolacja;;;Pomidor;250
Kolacja;;;"Ser typu ""Feta""";21
Œniadanie;Kanapka z sa³at¹, serem ¿o³tym i pomidorem;;Chleb ¿ytni razowy;124
Œniadanie;;;Sa³ata;5
Œniadanie;;;Ser ¿ó³ty;60
Œniadanie;;;Pomidor;192
Drugie œniadanie;Sa³atka owocowa z kiwi i czerwonymi owocami;;Kiwi;162
Drugie œniadanie;;;Czerwone owoce (dowolne);100
Drugie œniadanie;;;Migda³y;20
Drugie œniadanie;;;Otrêby - dowolne;6
Obiad;Zielone risotto z pomidorami;Na klarowanym maœle szklimy ry¿. Dodajemy pokrojonego w kawa³ki selera naciowego i groszek. Zalewamy bulionem i pomidorami. Gotujemy bez przykrycia a¿ ry¿ bêdzie miêkki.W razie potrzeby dolewamy bulionu. Gotowe risotto mieszamy z posiekan¹ kolendr¹ lub inn¹ ulubion¹ zielenin¹.;Ry¿ br¹zowy;70
Obiad;;;Groszek zielony;100
Obiad;;;Mas³o klarowane;10
Obiad;;;Seler naciowy;30
Obiad;;;Pomidory w puszce krojone;400
Obiad;;;Wywar z warzyw;50
Obiad;;;Migda³y;10
Podwieczorek;Jogurt z granol¹ i czerwonymi owocami;;Jogurt naturalny, 2% t³uszczu;250
Podwieczorek;;;Granola;50
Podwieczorek;;;Czerwone owoce (dowolne);70
Kolacja;Krem z kalarepy i pietruszki;Warzywa zalewamy bulionem warzywnym. Gotujemy do miêkkoœci, blendujemy, solimy (w zale¿noœci od tego jak doprawiony jest bulion). Zupê ju¿ na talerzu mieszamy z oliw¹.;Pietruszka - korzeñ;50
Kolacja;;;Wywar z warzyw;250
Kolacja;;;Oliwa z oliwek;4
Kolacja;;;Kalarepa;102
Œniadanie;Szarlotkowa owsianka;Wszystkie sk³adniki blendujemy z ³y¿eczk¹ cynamonu.;P³atki owsiane;40
Œniadanie;;;Jab³ko;100
Œniadanie;;;Banan;115
Œniadanie;;;Mleko roœlinne dowolne;300
Drugie œniadanie;Koktajl z jogurtem i czerwonymi owocami;;Jogurt naturalny, 2% t³uszczu;250
Drugie œniadanie;;;Czerwone owoce (dowolne);100
Drugie œniadanie;;;Migda³y;20
Obiad;Dorsz duszony z warzywami;Marchew i cukiniê kroimy w kostkê. Podduszamy na maœle. Zalewamy przecierem pomidorowym, gotujemy ok. 5 minut. Doprawiamy do smaku sol¹ i niewielk¹ iloœci¹ curry (szczypta). Dorsza oprószamy curry i sol¹. Zawijamy w papier do pieczenia. Sma¿ymy na suchej patelni. Gotowego zalewamy sosem.;Dorsz, œwie¿y, filety bez skóry;250
Obiad;;;Marchew;210
Obiad;;;Cukinia;287
Obiad;;;Przecier pomidorowy;200
Obiad;;;Koper ogrodowy;3
Obiad;;;Ry¿ basmati;40
Podwieczorek;Jab³ko z orzechami;;Jab³ko;188
Podwieczorek;;;Orzechy dowolne;45
Kolacja;Sa³ata z pomidorem i serem feta;;Sa³ata - mix sa³at;75
Kolacja;;;Pomidor;192
Kolacja;;;Sos winegret;10
Kolacja;;;S³onecznik, nasiona;15
Kolacja;;;"Ser typu ""Feta""";21
Œniadanie;Placuszki owocowe;Owoce miksujemy z ¿ó³tkiem. Mieszamy z p³atkami. Odstawiamy na 5 minut. Mieszamy z pian¹ z bia³ek. Sma¿ymy.;Mas³o klarowane;15
Œniadanie;;;P³atki owsiane;50
Œniadanie;;;Czerwone owoce (dowolne);100
Œniadanie;;;Jaja kurze ca³e;100
Drugie œniadanie;Koktajl z bananem i jogurtem;;Czerwone owoce (dowolne);70
Drugie œniadanie;;;Banan;115
Drugie œniadanie;;;Otrêby - dowolne;6
Drugie œniadanie;;;Jogurt naturalny, 2% t³uszczu;250
Obiad;Indyk duszony w jarzynach z pomidorami;Warzywa kroimy w kostkê. Szklimy na oleju, dodajemy pokrojone w kostkê miêso (uprzednio zamarynowane w zio³¹ch prowansalskich i curry) zalewamy przecierem. Dusimy 15 minut. Mieszamy z makaronem.;Papryka czerwona;50
Obiad;;;Cukinia;50
Obiad;;;Olej rzepakowy uniwersalny;10
Obiad;;;Przecier pomidorowy;150
Obiad;;;Miêso z piersi indyka, bez skóry;200
Obiad;;;Makaron penne pe³noziarnisty;80
Podwieczorek;Sa³atka z ogórków;;Ogórek;200
Podwieczorek;;;Ogórek ma³osolny;130
Podwieczorek;;;S³onecznik, nasiona;15
Podwieczorek;;;Koper ogrodowy;3
Podwieczorek;;;Rzodkiewka;50
Podwieczorek;;;Oliwa z oliwek;2
Podwieczorek;;;Pomidor;384
Kolacja;Sa³atka z pomidorem i serem feta;;Sa³ata - mix sa³at;75
Kolacja;;;Sos winegret;20
Kolacja;;;Pomidor;192
Kolacja;;;Migda³y;10
Kolacja;;;"Ser typu ""Feta""";21
Œniadanie;Kanapka z pesto i pomidorem;;Chleb ¿ytni razowy;124
Œniadanie;;;Pesto;40
Œniadanie;;;Pomidor;192
Drugie œniadanie;Pudding chia;Jogurt miksujemy z owocami i otrêbami. Dodajemy chia. Odstawiamy do napêcznienia.;Jogurt naturalny, 2% t³uszczu;200
Drugie œniadanie;;;Czerwone owoce (dowolne);100
Drugie œniadanie;;;Otrêby - dowolne;6
Drugie œniadanie;;;Chia nasiona;10
Obiad;Indyk duszony w jarzynach z pomidorami;Warzywa kroimy w kostkê. Szklimy na oleju, dodajemy pokrojone w kostkê miêso (uprzednio zamarynowane w zio³¹ch prowansalskich i curry) zalewamy przecierem. Dusimy 15 minut. Mieszamy z makaronem.;Papryka czerwona;50
Obiad;;;Cukinia;50
Obiad;;;Olej rzepakowy uniwersalny;10
Obiad;;;Przecier pomidorowy;150
Obiad;;;Miêso z piersi indyka, bez skóry;200
Obiad;;;Kasza gryczana;60
Podwieczorek;Sa³atka z ogórkiem i rzodkiewk¹ + sok warzywno-owocowy;;Ogórek;230
Podwieczorek;;;Rzodkiewka;100
Podwieczorek;;;Migda³y;20
Podwieczorek;;;Sos winegret;10
Podwieczorek;;;Sok warzywno - owocowy (50/50);250
Kolacja;Pieczone warzywa;Warzywa kroimy w kawa³ki. Zalewamy olejem, mieszamy. Pieczemu w 180 stopniach przez godzinê. Co 15 minut mieszamy. Posypujemy œwie¿¹ kolendr¹ lub inn¹ zielenin¹. Mo¿na to danie wykonaæ przy u¿yciu patelni. Gotowe danie posypujemy rozkruszon¹ fet¹.;Papryka czerwona;150
Kolacja;;;Cukinia;225
Kolacja;;;Olej rzepakowy uniwersalny;15
Kolacja;;;S³onecznik, nasiona;15
Kolacja;;;"Ser typu ""Feta""";21
Œniadanie;Kanapka z wêdlin¹, pomidorem sa³at¹ i pesto;;Chleb ¿ytni razowy;124
Œniadanie;;;Sa³ata;10
Œniadanie;;;Szynka z indyka;60
Œniadanie;;;Pomidor;192
Œniadanie;;;Pesto;40
Drugie œniadanie;Sa³atka owocowo-warzywna z marchewk¹, selerem i pomarañcz¹;Selera i marchew œcieramy na tarce. Mieszamy z wyfiletowan¹ pomarañcz¹ i dodatkami.;Marchew;105
Drugie œniadanie;;;Seler korzeniowy;100
Drugie œniadanie;;;Pomarañcza;300
Drugie œniadanie;;;S³onecznik, nasiona;25
Drugie œniadanie;;;Otrêby - dowolne;6
Obiad;Sa³atka makaronowa z pomidorem i rzodkiewk¹;;Makaron penne pe³noziarnisty;60
Obiad;;;Bazylia;10
Obiad;;;Sos winegret;10
Obiad;;;Pomidor;192
Obiad;;;Rzodkiewka;60
Podwieczorek;Jab³ko z orzechami;;Orzechy dowolne;40
Podwieczorek;;;Jab³ko;188
Kolacja;Sa³atka z pomidorem i ³ososiem wêdzonym;;Sa³aty - dowolne;75
Kolacja;;;Sos winegret;20
Kolacja;;;Pomidorki koktajlowe;100
Kolacja;;;Migda³y;25
Kolacja;;;£osoœ, wêdzony;50
Œniadanie;Jajka na miêkko z wêdlin¹ i pesto;;Jaja kurze ca³e;100
Œniadanie;;;Szynka z indyka;50
Œniadanie;;;Pesto;20
Œniadanie;;;Chleb ¿ytni razowy;62
Drugie œniadanie;Jogurt z granol¹ z czerwonymi owocami;;Jogurt naturalny, 2% t³uszczu;250
Drugie œniadanie;;;Czerwone owoce (dowolne);100
Drugie œniadanie;;;Granola;60
Obiad;Naleœnik suchy z ³ososiem;Naleœnika smarujemy serkiem i posypujemy pokrojonym w kosteczkê ³ososiem i dowoln¹ zielenin¹.;Naleœniki suchy;160
Obiad;;;£osoœ, wêdzony;50
Obiad;;;Serek typu Philadelphia;50
Podwieczorek;Jab³ko z migda³ami;;Jab³ko;263
Podwieczorek;;;Migda³y;30
Kolacja;Sa³atka z pomidorem, migda³ami i grzankami (z chleba);;Sa³ata - mix sa³at;75
Kolacja;;;Pomidor;150
Kolacja;;;Sos winegret;10
Kolacja;;;Migda³y;10
Kolacja;;;Chleb ¿ytni razowy;31
Œniadanie;Rollsy z naleœników;;Naleœniki suchy;160
Œniadanie;;;Szynka z indyka;60
Œniadanie;;;Serek typu Philadelphia;50
Œniadanie;;;Pomidor;192
Drugie œniadanie;Koktajl z bananem, awokado i jogurtem;;Awokado;70
Drugie œniadanie;;;Banan;115
Drugie œniadanie;;;Jogurt naturalny, 2% t³uszczu;240
Drugie œniadanie;;;Otrêby pszenne;12
Drugie œniadanie;;;Pietruszka - liœcie;20
Obiad;Pierœ z kurczaka z marchewk¹, pietruszk¹ i kasz¹;Miêso marynujemy w czosnku i przyprawach. Sma¿ymy zawiniete w pergamin na suchej patelni. Sos kokosowy: gêste mleko kokosowe mieszamy z sol¹, ksylitolem, curry, sokiem z limonki (kilka kropel) i koperkiem. Warzywa pokrojone w talarki gotujemy na parze. Ca³oœæ polewamy sosem kokosowym.;Miêso z piersi kurczaka;250
Obiad;;;Marchew;105
Obiad;;;Pietruszka - korzeñ;50
Obiad;;;Mleko kokosowe;40
Obiad;;;Kasza gryczana;40
Podwieczorek;Kanapka z pesto, rzodkiewk¹ i wêdlin¹;;Chleb ¿ytni razowy;62
Podwieczorek;;;Pesto;10
Podwieczorek;;;Rzodkiewka;30
Podwieczorek;;;Szynka z indyka;30
Kolacja;Sa³atka z pomidorem i serem feta;;Sa³ata - mix sa³at;75
Kolacja;;;Sos winegret;20
Kolacja;;;S³onecznik, nasiona;15
Kolacja;;;Pomidor;192
Kolacja;;;"Ser typu ""Feta""";42
Œniadanie;Kanapka z pomidorem, pesto i wêdlin¹;;Chleb ¿ytni razowy;124
Œniadanie;;;Pesto;20
Œniadanie;;;Szynka z indyka;60
Œniadanie;;;Pomidor;192
Drugie œniadanie;Koktajl z bananem, awokado i jogurtem;;Awokado;70
Drugie œniadanie;;;Banan;115
Drugie œniadanie;;;Jogurt naturalny, 2% t³uszczu;240
Drugie œniadanie;;;Otrêby pszenne;12
Drugie œniadanie;;;Pietruszka - liœcie;20
Obiad;Dorsz w sosie szpinakowym;Dorsza oprószamy sol¹ i curry. Na klarowanym maœle podduszamy szpinak, dodajemy mleko kokosowe. Dusimy. Doprawiamy sol¹ i pieprzem cytrynowym. Do sosu wk³adamy pokrojonego w kawa³ki dorsza. Dusimy ok. 10 minut na ma³ym ogniu.;Mas³o klarowane;10
Obiad;;;Dorsz, œwie¿y, filety bez skóry;200
Obiad;;;Szpinak;10
Obiad;;;Mleko kokosowe;60
Obiad;;;Makaron penne pe³noziarnisty;50
Podwieczorek;Jab³ko z orzechami;;Orzechy dowolne;16
Podwieczorek;;;Jab³ko;188
Kolacja;Cukinia faszerowana marchewk¹, fet¹ i suszonymi pomidorami;Cukiniê przekrawamy na pó³. Wk³adamy do piekarnika nagrzanego do 200 stopni na 15 minut. Z cukinii wydr¹¿amy œrodek. Kroimy w kosteczkê, mieszamy ze start¹ na drobniutkiej tarce marchewk¹, pokruszon¹ fet¹ i pokrojonymi drobniutko suszonymi pomidorami. Nape³niamy farszem ³ódeczki. Wk³adamy do piekarnika na 15 minut.;Cukinia;287
Kolacja;;;Marchew;105
Kolacja;;;"Ser typu ""Feta""";21
Kolacja;;;Suszone pomidory;40
Œniadanie;Omlet ze szczypiorkiem + pomidor z pesto;;Jaja kurze ca³e;150
Œniadanie;;;Mas³o klarowane;15
Œniadanie;;;Szczypiorek;8
Œniadanie;;;Pomidor;384
Œniadanie;;;Chleb ¿ytni razowy;31
Œniadanie;;;Pesto;10
Drugie œniadanie;Sa³atka makaronowa z ogórkiem i rzodkiewk¹;;Ogórek;250
Drugie œniadanie;;;Koper ogrodowy;3
Drugie œniadanie;;;Rzodkiewka;30
Drugie œniadanie;;;Makaron penne pe³noziarnisty;40
Drugie œniadanie;;;Oliwa z oliwek;2
Drugie œniadanie;;;Dynia, pestki;20
Obiad;Makaron z sosem pomidorowym;Pomidory zagotowujemy aby odparowaæ wodê. Doprawiamy do smaku. Mieszamy z bazyli¹, dodatkami i makaronem.;Makaron penne pe³noziarnisty;70
Obiad;;;Bazylia;4
Obiad;;;Migda³y;25
Obiad;;;Oliwki marynowane, konserwowe;25
Obiad;;;Pomidory w puszce krojone;400
Podwieczorek;Kanapka z sa³at¹, wêdlin¹ i rzodkiewk¹ + sok warzywno - owocowy;;Chleb ¿ytni razowy;62
Podwieczorek;;;Sa³ata;10
Podwieczorek;;;Szynka z indyka;30
Podwieczorek;;;Rzodkiewka;15
Podwieczorek;;;Sok warzywno - owocowy (50/50);250
Kolacja;Pieczone warzywa;Warzywa kroimy w kawa³ki. Zalewamy olejem, mieszamy. Pieczemu w 180 stopniach przez godzinê. Co 15 minut mieszamy. Posypujemy œwie¿¹ kolendr¹ lub inn¹ zielenin¹.;Papryka czerwona;150
Kolacja;;;Cukinia;225
Kolacja;;;Olej rzepakowy uniwersalny;10
Kolacja;;;"Ser typu ""Feta""";21
Œniadanie;Kanapka z sa³at¹, serem ¿o³tym i pomidorem;;Chleb ¿ytni razowy;93
Œniadanie;;;Sa³ata;10
Œniadanie;;;Ser ¿ó³ty;45
Œniadanie;;;Pomidor;192
Drugie œniadanie;Jogurt z granol¹ i czerwonymi owocami;;Jogurt naturalny, 2% t³uszczu;250
Drugie œniadanie;;;Granola;40
Drugie œniadanie;;;Czerwone owoce (dowolne);70
Obiad;Potrawka z kurczaka z koperkiem;Na klarowanym maœle podduszamy warzywa oraz miêso pokrojone w kostkê. Zalewamy 250 ml wody, gotujemy a¿ miêso bedzie miêkkie. M¹kê rozrabiamy w po³owie szklanki mleka, dodajemy do sosu, energicznie mieszamy i gotujemy 3-4 minuty. Doprawiamy do smaku. Sos mieszamy z z koperkiem.;Seler korzeniowy;62
Obiad;;;M¹ka ry¿owa;13
Obiad;;;Mleko roœlinne dowolne;125
Obiad;;;Marchew;45
Obiad;;;Koper ogrodowy;8
Obiad;;;Mas³o klarowane;10
Obiad;;;Miêso z piersi kurczaka;120
Obiad;;;Kasza jêczmienna, per³owa;40
Podwieczorek;Jab³ko z migda³ami;;Jab³ko;200
Podwieczorek;;;Migda³y;50
Kolacja;Sa³atka z papryk¹ i serem feta;;Sa³ata - mix sa³at;75
Kolacja;;;Sos winegret;20
Kolacja;;;Papryka czerwona;244
Kolacja;;;"Ser typu ""Feta""";21
Œniadanie;Naleœnik suchy z awokado i pomidorem;;Naleœniki suchy;160
Œniadanie;;;Awokado;70
Œniadanie;;;Pomidor;192
Œniadanie;;;Migda³y;20
Drugie œniadanie;Koktajl z bananem i czerwonymi owocami;;Czerwone owoce (dowolne);100
Drugie œniadanie;;;Banan;115
Drugie œniadanie;;;Otrêby - dowolne;6
Drugie œniadanie;;;Jogurt naturalny, 2% t³uszczu;250
Obiad;Potrawka z kurczaka z koperkiem;Na klarowanym maœle podduszamy warzywa oraz miêso pokrojone w kostkê. Zalewamy 250 ml wody, gotujemy a¿ miêso bedzie miêkkie. M¹kê rozrabiamy w po³owie szklanki mleka, dodajemy do sosu, energicznie mieszamy i gotujemy 3-4 minuty. Doprawiamy do smaku. Sos mieszamy z z koperkiem.;Seler korzeniowy;62
Obiad;;;M¹ka ry¿owa;13
Obiad;;;Mleko roœlinne dowolne;125
Obiad;;;Marchew;45
Obiad;;;Koper ogrodowy;8
Obiad;;;Mas³o klarowane;10
Obiad;;;Miêso z piersi kurczaka;200
Obiad;;;Makaron penne pe³noziarnisty;60
Podwieczorek;Koktajl z kiwi i czerwonymi owocami;;Kiwi;81
Podwieczorek;;;Otrêby - dowolne;6
Podwieczorek;;;Czerwone owoce (dowolne);100
Podwieczorek;;;Jogurt naturalny, 2% t³uszczu;250
Kolacja;Sa³atka z awokado i pomidorem;;Awokado;70
Kolacja;;;Sa³aty - dowolne;75
Kolacja;;;Sos winegret;10
Kolacja;;;Pomidor;192
